Workbook

Sheet Todos
A1: CONTROLN | B1: STATE | C1: GENDER | D1: HV1 | E1: IC1 | F1: IC4 | G1: HVP1 | H1: IC5 | I1: POBC1 | J1: POBC2 | K1: IC2 | L1: IC3 | M1: AVGGIFT | N1: TCODE | O1: STATE | P1: DOB | Q1: DOMAIN | R1: GENDER | S1: TARGET_D | T1: AGE | U1: Neighbourhood
A2: 44060 | B2: FL | C2: M | D2: AAA896 | E2: 392 | F2: 520 | G2: 7 | H2: 21975 | I2: 6 | J2: 16 | K2: 430 | L2: 466 | M2: 28 | N2: =VLOOKUP(A2,vlookup_table!$A:$G,2,FALSE) -> 1 | O2: =VLOOKUP(A2,vlookup_table!$A:$G,3,FALSE) -> FL | P2: =VLOOKUP(A2,vlookup_table!$A:$G,4,FALSE) -> 1901 | Q2: =VLOOKUP(A2,vlookup_table!$A:$G,5,FALSE) -> C2 | R2: =VLOOKUP(A2,vlookup_table!$A:$G,6,FALSE) -> M | S2: =VLOOKUP(A2,vlookup_table!$A:$G,7,FALSE) -> 100 | T2: =97-LEFT(P2,2)-IF(RIGHT(P2,2)>6,1,0) -> 77 | U2: =IF(LEFT(Q2,1)="C","Ciudad",IF(LEFT(Q2,1)="T","Pueblo",IF(LEFT(Q2,1)="R","Rural",IF(LEFT(Q2,1)="S","Suburbano",IF(LEFT(Q2,1)="U","Urbano",""))))) -> Ciudad
A3: 96093 | B3: IL | C3: M | D3: 537 | E3: 365 | F3: 473 | G3: 0 | H3: 19387 | I3: 1 | J3: 89 | K3: 415 | L3: 410 | M3: 5.6666667 | N3: =VLOOKUP(A3,vlookup_table!$A:$G,2,FALSE) -> 0 | O3: =VLOOKUP(A3,vlookup_table!$A:$G,3,FALSE) -> IL | P3: =VLOOKUP(A3,vlookup_table!$A:$G,4,FALSE) -> 0 | Q3: =VLOOKUP(A3,vlookup_table!$A:$G,5,FALSE) -> T2 | R3: =VLOOKUP(A3,vlookup_table!$A:$G,6,FALSE) -> M | S3: =VLOOKUP(A3,vlookup_table!$A:$G,7,FALSE) -> 7 | T3: =97-LEFT(P3,2)-IF(RIGHT(P3,2)>6,1,0) -> 96 | U3: =IF(LEFT(Q3,1)="C","Ciudad",IF(LEFT(Q3,1)="T","Pueblo",IF(LEFT(Q3,1)="R","Rural",IF(LEFT(Q3,1)="S","Suburbano",IF(LEFT(Q3,1)="U","Urbano",""))))) -> Pueblo
A4: 43333 | B4: FL | C4: F | D4: 725 | E4: 301 | F4: 436 | G4: 3 | H4: 18837 | I4: 11 | J4: 17 | K4: 340 | L4: 361 | M4: 4.1111111 | N4: =VLOOKUP(A4,vlookup_table!$A:$G,2,FALSE) -> 0 | O4: =VLOOKUP(A4,vlookup_table!$A:$G,3,FALSE) -> FL | P4: =VLOOKUP(A4,vlookup_table!$A:$G,4,FALSE) -> 2501 | Q4: =VLOOKUP(A4,vlookup_table!$A:$G,5,FALSE) -> C2 | R4: =VLOOKUP(A4,vlookup_table!$A:$G,6,FALSE) -> F | S4: =VLOOKUP(A4,vlookup_table!$A:$G,7,FALSE) -> 5 | T4: =97-LEFT(P4,2)-IF(RIGHT(P4,2)>6,1,0) -> 71 | U4: =IF(LEFT(Q4,1)="C","Ciudad",IF(LEFT(Q4,1)="T","Pueblo",IF(LEFT(Q4,1)="R","Rural",IF(LEFT(Q4,1)="S","Suburbano",IF(LEFT(Q4,1)="U","Urbano",""))))) -> Ciudad
A5: 21885 | B5: NC | C5: M | D5: AAA1095 | E5: 401 | F5: 413 | G5: 7 | H5: 14014 | I5: 1 | J5: 74 | K5: 407 | L5: 399 | M5: 27.277778 | N5: =VLOOKUP(A5,vlookup_table!$A:$G,2,FALSE) -> 0 | O5: =VLOOKUP(A5,vlookup_table!$A:$G,3,FALSE) -> NC | P5: =VLOOKUP(A5,vlookup_table!$A:$G,4,FALSE) -> 2208 | Q5: =VLOOKUP(A5,vlookup_table!$A:$G,5,FALSE) -> T2 | R5: =VLOOKUP(A5,vlookup_table!$A:$G,6,FALSE) -> M | S5: =VLOOKUP(A5,vlookup_table!$A:$G,7,FALSE) -> 38 | T5: =97-LEFT(P5,2)-IF(RIGHT(P5,2)>6,1,0) -> 74 | U5: =IF(LEFT(Q5,1)="C","Ciudad",IF(LEFT(Q5,1)="T","Pueblo",IF(LEFT(Q5,1)="R","Rural",IF(LEFT(Q5,1)="S","Suburbano",IF(LEFT(Q5,1)="U","Urbano",""))))) -> Pueblo
A6: 190108 | B6: FL | C6: F | D6: 995 | E6: 252 | F6: 348 | G6: 0 | H6: 17991 | I6: 5 | J6: 6 | K6: 280 | L6: 316 | M6: 6 | N6: =VLOOKUP(A6,vlookup_table!$A:$G,2,FALSE) -> 28 | O6: =VLOOKUP(A6,vlookup_table!$A:$G,3,FALSE) -> FL | P6: =VLOOKUP(A6,vlookup_table!$A:$G,4,FALSE) -> 0 | Q6: =VLOOKUP(A6,vlookup_table!$A:$G,5,FALSE) -> C2 | R6: =VLOOKUP(A6,vlookup_table!$A:$G,6,FALSE) -> F | S6: =VLOOKUP(A6,vlookup_table!$A:$G,7,FALSE) -> 5 | T6: =97-LEFT(P6,2)-IF(RIGHT(P6,2)>6,1,0) -> 96 | U6: =IF(LEFT(Q6,1)="C","Ciudad",IF(LEFT(Q6,1)="T","Pueblo",IF(LEFT(Q6,1)="R","Rural",IF(LEFT(Q6,1)="S","Suburbano",IF(LEFT(Q6,1)="U","Urbano",""))))) -> Ciudad
A7: 100640 | B7: IL | C7: M | D7: 764 | E7: 457 | F7: 501 | G7: 1 | H7: 16022 | I7: 2 | J7: 75 | K7: 477 | L7: 480 | M7: 25.571429 | N7: =VLOOKUP(A7,vlookup_table!$A:$G,2,FALSE) -> 1 | O7: =VLOOKUP(A7,vlookup_table!$A:$G,3,FALSE) -> IL | P7: =VLOOKUP(A7,vlookup_table!$A:$G,4,FALSE) -> 6104 | Q7: =VLOOKUP(A7,vlookup_table!$A:$G,5,FALSE) -> S2 | R7: =VLOOKUP(A7,vlookup_table!$A:$G,6,FALSE) -> M | S7: =VLOOKUP(A7,vlookup_table!$A:$G,7,FALSE) -> 30 | T7: =97-LEFT(P7,2)-IF(RIGHT(P7,2)>6,1,0) -> 35 | U7: =IF(LEFT(Q7,1)="C","Ciudad",IF(LEFT(Q7,1)="T","Pueblo",IF(LEFT(Q7,1)="R","Rural",IF(LEFT(Q7,1)="S","Suburbano",IF(LEFT(Q7,1)="U","Urbano",""))))) -> Suburbano
A8: 18581 | B8: NC | C8: F | D8: 775 | E8: 318 | F8: 419 | G8: 5 | H8: 13491 | I8: 0 | J8: 73 | K8: 364 | L8: 380 | M8: 4.625 | N8: =VLOOKUP(A8,vlookup_table!$A:$G,2,FALSE) -> 0 | O8: =VLOOKUP(A8,vlookup_table!$A:$G,3,FALSE) -> NC | P8: =VLOOKUP(A8,vlookup_table!$A:$G,4,FALSE) -> 4407 | Q8: =VLOOKUP(A8,vlookup_table!$A:$G,5,FALSE) -> R2 | R8: =VLOOKUP(A8,vlookup_table!$A:$G,6,FALSE) -> F | S8: =VLOOKUP(A8,vlookup_table!$A:$G,7,FALSE) -> 12 | T8: =97-LEFT(P8,2)-IF(RIGHT(P8,2)>6,1,0) -> 52 | U8: =IF(LEFT(Q8,1)="C","Ciudad",IF(LEFT(Q8,1)="T","Pueblo",IF(LEFT(Q8,1)="R","Rural",IF(LEFT(Q8,1)="S","Suburbano",IF(LEFT(Q8,1)="U","Urbano",""))))) -> Rural
A9: 119038 | B9: TX | C9: M | D9: 890 | E9: 519 | F9: 560 | G9: 0 | H9: 17872 | I9: 2 | J9: 46 | K9: 525 | L9: 551 | M9: 6.175 | N9: =VLOOKUP(A9,vlookup_table!$A:$G,2,FALSE) -> 1002 | O9: =VLOOKUP(A9,vlookup_table!$A:$G,3,FALSE) -> TX | P9: =VLOOKUP(A9,vlookup_table!$A:$G,4,FALSE) -> 0 | Q9: =VLOOKUP(A9,vlookup_table!$A:$G,5,FALSE) -> C1 | R9: =VLOOKUP(A9,vlookup_table!$A:$G,6,FALSE) -> M | S9: =VLOOKUP(A9,vlookup_table!$A:$G,7,FALSE) -> 7 | T9: =97-LEFT(P9,2)-IF(RIGHT(P9,2)>6,1,0) -> 96 | U9: =IF(LEFT(Q9,1)="C","Ciudad",IF(LEFT(Q9,1)="T","Pueblo",IF(LEFT(Q9,1)="R","Rural",IF(LEFT(Q9,1)="S","Suburbano",IF(LEFT(Q9,1)="U","Urbano",""))))) -> Ciudad
A10: 173223 | B10: CA | C10: F | E10: 184 | F10: 250 | G10: 0 | H10: 8708 | I10: 2 | J10: 63 | K10: 206 | L10: 235 | M10: 8.8181818 | N10: =VLOOKUP(A10,vlookup_table!$A:$G,2,FALSE) -> 0 | O10: =VLOOKUP(A10,vlookup_table!$A:$G,3,FALSE) -> CA | P10: =VLOOKUP(A10,vlookup_table!$A:$G,4,FALSE) -> 1801 | Q10: =VLOOKUP(A10,vlookup_table!$A:$G,5,FALSE) -> T2 | R10: =VLOOKUP(A10,vlookup_table!$A:$G,6,FALSE) -> F | S10: =VLOOKUP(A10,vlookup_table!$A:$G,7,FALSE) -> 10 | T10: =97-LEFT(P10,2)-IF(RIGHT(P10,2)>6,1,0) -> 78 | U10: =IF(LEFT(Q10,1)="C","Ciudad",IF(LEFT(Q10,1)="T","Pueblo",IF(LEFT(Q10,1)="R","Rural",IF(LEFT(Q10,1)="S","Suburbano",IF(LEFT(Q10,1)="U","Urbano",""))))) -> Pueblo
A11: 157988 | B11: CA | C11: F | D11: AAA2294 | E11: 593 | F11: 617 | G11: 61 | H11: 17838 | I11: 7 | J11: 62 | L11: 619 | M11: 6.6666667 | N11: =VLOOKUP(A11,vlookup_table!$A:$G,2,FALSE) -> 28 | O11: =VLOOKUP(A11,vlookup_table!$A:$G,3,FALSE) -> CA | P11: =VLOOKUP(A11,vlookup_table!$A:$G,4,FALSE) -> 0 | Q11: =VLOOKUP(A11,vlookup_table!$A:$G,5,FALSE) -> S1 | R11: =VLOOKUP(A11,vlookup_table!$A:$G,6,FALSE) -> F | S11: =VLOOKUP(A11,vlookup_table!$A:$G,7,FALSE) -> 10 | T11: =97-LEFT(P11,2)-IF(RIGHT(P11,2)>6,1,0) -> 96 | U11: =IF(LEFT(Q11,1)="C","Ciudad",IF(LEFT(Q11,1)="T","Pueblo",IF(LEFT(Q11,1)="R","Rural",IF(LEFT(Q11,1)="S","Suburbano",IF(LEFT(Q11,1)="U","Urbano",""))))) -> Suburbano
A12: 141720 | B12: NV | C12: F | D12: 1569 | E12: 673 | F12: 781 | G12: 22 | H12: 25775 | I12: 3 | J12: 44 | K12: 672 | L12: 785 | M12: 13 | N12: =VLOOKUP(A12,vlookup_table!$A:$G,2,FALSE) -> 28 | O12: =VLOOKUP(A12,vlookup_table!$A:$G,3,FALSE) -> NV | P12: =VLOOKUP(A12,vlookup_table!$A:$G,4,FALSE) -> 5401 | Q12: =VLOOKUP(A12,vlookup_table!$A:$G,5,FALSE) -> T1 | R12: =VLOOKUP(A12,vlookup_table!$A:$G,6,FALSE) -> F | S12: =VLOOKUP(A12,vlookup_table!$A:$G,7,FALSE) -> 5 | T12: =97-LEFT(P12,2)-IF(RIGHT(P12,2)>6,1,0) -> 42 | U12: =IF(LEFT(Q12,1)="C","Ciudad",IF(LEFT(Q12,1)="T","Pueblo",IF(LEFT(Q12,1)="R","Rural",IF(LEFT(Q12,1)="S","Suburbano",IF(LEFT(Q12,1)="U","Urbano",""))))) -> Pueblo
A13: 186272 | B13: CA | C13: F | D13: 3515 | E13: 521 | F13: 588 | G13: 97 | H13: 20068 | I13: 11 | J13: 54 | K13: 565 | L13: 549 | M13: 8.64 | N13: =VLOOKUP(A13,vlookup_table!$A:$G,2,FALSE) -> 2 | O13: =VLOOKUP(A13,vlookup_table!$A:$G,3,FALSE) -> CA | P13: =VLOOKUP(A13,vlookup_table!$A:$G,4,FALSE) -> 3401 | Q13: =VLOOKUP(A13,vlookup_table!$A:$G,5,FALSE) -> U1 | R13: =VLOOKUP(A13,vlookup_table!$A:$G,6,FALSE) -> F | S13: =VLOOKUP(A13,vlookup_table!$A:$G,7,FALSE) -> 10 | T13: =97-LEFT(P13,2)-IF(RIGHT(P13,2)>6,1,0) -> 62 | U13: =IF(LEFT(Q13,1)="C","Ciudad",IF(LEFT(Q13,1)="T","Pueblo",IF(LEFT(Q13,1)="R","Rural",IF(LEFT(Q13,1)="S","Suburbano",IF(LEFT(Q13,1)="U","Urbano",""))))) -> Urbano
A14: 154301 | B14: CL | C14: F | D14: 1026 | E14: 459 | F14: 496 | G14: 1 | H14: 13803 | I14: 12 | J14: 52 | K14: 470 | L14: 491 | M14: 11.25 | N14: =VLOOKUP(A14,vlookup_table!$A:$G,2,FALSE) -> 2 | O14: =VLOOKUP(A14,vlookup_table!$A:$G,3,FALSE) -> CA | P14: =VLOOKUP(A14,vlookup_table!$A:$G,4,FALSE) -> 2801 | Q14: =VLOOKUP(A14,vlookup_table!$A:$G,5,FALSE) -> T2 | R14: =VLOOKUP(A14,vlookup_table!$A:$G,6,FALSE) -> F | S14: =VLOOKUP(A14,vlookup_table!$A:$G,7,FALSE) -> 10 | T14: =97-LEFT(P14,2)-IF(RIGHT(P14,2)>6,1,0) -> 68 | U14: =IF(LEFT(Q14,1)="C","Ciudad",IF(LEFT(Q14,1)="T","Pueblo",IF(LEFT(Q14,1)="R","Rural",IF(LEFT(Q14,1)="S","Suburbano",IF(LEFT(Q14,1)="U","Urbano",""))))) -> Pueblo
A15: 189722 | B15: AP | C15: M | D15: 0 | E15: 0 | F15: 0 | G15: 0 | H15: 0 | I15: 0 | J15: 0 | K15: 0 | L15: 0 | M15: 5.7272727 | N15: =VLOOKUP(A15,vlookup_table!$A:$G,2,FALSE) -> 1 | O15: =VLOOKUP(A15,vlookup_table!$A:$G,3,FALSE) -> AP | P15: =VLOOKUP(A15,vlookup_table!$A:$G,4,FALSE) -> 0 | Q15: =VLOOKUP(A15,vlookup_table!$A:$G,5,FALSE) | R15: =VLOOKUP(A15,vlookup_table!$A:$G,6,FALSE) -> M | S15: =VLOOKUP(A15,vlookup_table!$A:$G,7,FALSE) -> 6 | T15: =97-LEFT(P15,2)-IF(RIGHT(P15,2)>6,1,0) -> 96 | U15: =IF(LEFT(Q15,1)="C","Ciudad",IF(LEFT(Q15,1)="T","Pueblo",IF(LEFT(Q15,1)="R","Rural",IF(LEFT(Q15,1)="S","Suburbano",IF(LEFT(Q15,1)="U","Urbano","")))))
A16: 188304 | B16: KS | C16: F | D16: 376 | E16: 263 | F16: 316 | G16: 0 | H16: 10755 | I16: 1 | J16: 75 | K16: 303 | L16: 287 | M16: 10.55 | N16: =VLOOKUP(A16,vlookup_table!$A:$G,2,FALSE) -> 0 | O16: =VLOOKUP(A16,vlookup_table!$A:$G,3,FALSE) -> KS | P16: =VLOOKUP(A16,vlookup_table!$A:$G,4,FALSE) -> 2405 | Q16: =VLOOKUP(A16,vlookup_table!$A:$G,5,FALSE) -> T2 | R16: =VLOOKUP(A16,vlookup_table!$A:$G,6,FALSE) -> F | S16: =VLOOKUP(A16,vlookup_table!$A:$G,7,FALSE) -> 10 | T16: =97-LEFT(P16,2)-IF(RIGHT(P16,2)>6,1,0) -> 72 | U16: =IF(LEFT(Q16,1)="C","Ciudad",IF(LEFT(Q16,1)="T","Pueblo",IF(LEFT(Q16,1)="R","Rural",IF(LEFT(Q16,1)="S","Suburbano",IF(LEFT(Q16,1)="U","Urbano",""))))) -> Pueblo
A17: 73699 | B17: MI | D17: 890 | E17: 463 | F17: 523 | G17: 1 | H17: 9493 | I17: 5 | J17: 53 | K17: 474 | L17: 512 | M17: 11.285714 | N17: =VLOOKUP(A17,vlookup_table!$A:$G,2,FALSE) -> 1 | O17: =VLOOKUP(A17,vlookup_table!$A:$G,3,FALSE) -> MI | P17: =VLOOKUP(A17,vlookup_table!$A:$G,4,FALSE) -> 5102 | Q17: =VLOOKUP(A17,vlookup_table!$A:$G,5,FALSE) -> S1 | R17: =VLOOKUP(A17,vlookup_table!$A:$G,6,FALSE) | S17: =VLOOKUP(A17,vlookup_table!$A:$G,7,FALSE) -> 15 | T17: =97-LEFT(P17,2)-IF(RIGHT(P17,2)>6,1,0) -> 45 | U17: =IF(LEFT(Q17,1)="C","Ciudad",IF(LEFT(Q17,1)="T","Pueblo",IF(LEFT(Q17,1)="R","Rural",IF(LEFT(Q17,1)="S","Suburbano",IF(LEFT(Q17,1)="U","Urbano",""))))) -> Suburbano
A18: 31977 | B18: FL | C18: F | D18: 1513 | E18: 521 | F18: 702 | G18: 31 | H18: 28124 | I18: 3 | J18: 24 | K18: 599 | L18: 615 | M18: 18.5 | N18: =VLOOKUP(A18,vlookup_table!$A:$G,2,FALSE) -> 2 | O18: =VLOOKUP(A18,vlookup_table!$A:$G,3,FALSE) -> FL | P18: =VLOOKUP(A18,vlookup_table!$A:$G,4,FALSE) -> 2701 | Q18: =VLOOKUP(A18,vlookup_table!$A:$G,5,FALSE) -> T1 | R18: =VLOOKUP(A18,vlookup_table!$A:$G,6,FALSE) -> F | S18: =VLOOKUP(A18,vlookup_table!$A:$G,7,FALSE) -> 28 | T18: =97-LEFT(P18,2)-IF(RIGHT(P18,2)>6,1,0) -> 69 | U18: =IF(LEFT(Q18,1)="C","Ciudad",IF(LEFT(Q18,1)="T","Pueblo",IF(LEFT(Q18,1)="R","Rural",IF(LEFT(Q18,1)="S","Suburbano",IF(LEFT(Q18,1)="U","Urbano",""))))) -> Pueblo
A19: 44336 | B19: FL | C19: F | D19: 948 | E19: 330 | F19: 411 | G19: 4 | H19: 17728 | I19: 6 | J19: 8 | K19: 365 | L19: 368 | M19: 15 | N19: =VLOOKUP(A19,vlookup_table!$A:$G,2,FALSE) -> 0 | O19: =VLOOKUP(A19,vlookup_table!$A:$G,3,FALSE) -> FL | P19: =VLOOKUP(A19,vlookup_table!$A:$G,4,FALSE) -> 6501 | Q19: =VLOOKUP(A19,vlookup_table!$A:$G,5,FALSE) -> C2 | R19: =VLOOKUP(A19,vlookup_table!$A:$G,6,FALSE) -> F | S19: =VLOOKUP(A19,vlookup_table!$A:$G,7,FALSE) -> 15 | T19: =97-LEFT(P19,2)-IF(RIGHT(P19,2)>6,1,0) -> 31 | U19: =IF(LEFT(Q19,1)="C","Ciudad",IF(LEFT(Q19,1)="T","Pueblo",IF(LEFT(Q19,1)="R","Rural",IF(LEFT(Q19,1)="S","Suburbano",IF(LEFT(Q19,1)="U","Urbano",""))))) -> Ciudad
A20: 127823 | B20: TX | C20: F | D20: 258 | E20: 64 | F20: 74 | G20: 0 | H20: 4236 | I20: 0 | J20: 94 | K20: 60 | L20: 93 | M20: 5.45 | N20: =VLOOKUP(A20,vlookup_table!$A:$G,2,FALSE) -> 2 | O20: =VLOOKUP(A20,vlookup_table!$A:$G,3,FALSE) -> TX | P20: =VLOOKUP(A20,vlookup_table!$A:$G,4,FALSE) -> 2301 | Q20: =VLOOKUP(A20,vlookup_table!$A:$G,5,FALSE) -> C3 | R20: =VLOOKUP(A20,vlookup_table!$A:$G,6,FALSE) -> F | S20: =VLOOKUP(A20,vlookup_table!$A:$G,7,FALSE) -> 6 | T20: =97-LEFT(P20,2)-IF(RIGHT(P20,2)>6,1,0) -> 73 | U20: =IF(LEFT(Q20,1)="C","Ciudad",IF(LEFT(Q20,1)="T","Pueblo",IF(LEFT(Q20,1)="R","Rural",IF(LEFT(Q20,1)="S","Suburbano",IF(LEFT(Q20,1)="U","Urbano",""))))) -> Ciudad
A21: 150739 | B21: CA | C21: U | D21: 1951 | E21: 556 | F21: 625 | G21: 44 | H21: 17208 | I21: 10 | J21: 66 | K21: 578 | L21: 619 | M21: 9.6818182 | N21: =VLOOKUP(A21,vlookup_table!$A:$G,2,FALSE) -> 2 | O21: =VLOOKUP(A21,vlookup_table!$A:$G,3,FALSE) -> CA | P21: =VLOOKUP(A21,vlookup_table!$A:$G,4,FALSE) -> 5410 | Q21: =VLOOKUP(A21,vlookup_table!$A:$G,5,FALSE) -> S1 | R21: =VLOOKUP(A21,vlookup_table!$A:$G,6,FALSE) -> U | S21: =VLOOKUP(A21,vlookup_table!$A:$G,7,FALSE) -> 12 | T21: =97-LEFT(P21,2)-IF(RIGHT(P21,2)>6,1,0) -> 42 | U21: =IF(LEFT(Q21,1)="C","Ciudad",IF(LEFT(Q21,1)="T","Pueblo",IF(LEFT(Q21,1)="R","Rural",IF(LEFT(Q21,1)="S","Suburbano",IF(LEFT(Q21,1)="U","Urbano",""))))) -> Suburbano
A22: 41384 | B22: FL | C22: F | D22: 556 | E22: 318 | G22: 0 | H22: 11779 | I22: 16 | J22: 22 | K22: 358 | L22: 320 | M22: 9.4285714 | N22: =VLOOKUP(A22,vlookup_table!$A:$G,2,FALSE) -> 28 | O22: =VLOOKUP(A22,vlookup_table!$A:$G,3,FALSE) -> FL | P22: =VLOOKUP(A22,vlookup_table!$A:$G,4,FALSE) -> 5107 | Q22: =VLOOKUP(A22,vlookup_table!$A:$G,5,FALSE) -> S3 | R22: =VLOOKUP(A22,vlookup_table!$A:$G,6,FALSE) -> F | S22: =VLOOKUP(A22,vlookup_table!$A:$G,7,FALSE) -> 12 | T22: =97-LEFT(P22,2)-IF(RIGHT(P22,2)>6,1,0) -> 45 | U22: =IF(LEFT(Q22,1)="C","Ciudad",IF(LEFT(Q22,1)="T","Pueblo",IF(LEFT(Q22,1)="R","Rural",IF(LEFT(Q22,1)="S","Suburbano",IF(LEFT(Q22,1)="U","Urbano",""))))) -> Suburbano
A23: 114721 | B23: OK | D23: 1040 | E23: 472 | F23: 656 | G23: 0 | H23: 26962 | I23: 2 | J23: 56 | K23: 609 | L23: 579 | M23: 11.666667 | N23: =VLOOKUP(A23,vlookup_table!$A:$G,2,FALSE) -> 0 | O23: =VLOOKUP(A23,vlookup_table!$A:$G,3,FALSE) -> OK | P23: =VLOOKUP(A23,vlookup_table!$A:$G,4,FALSE) -> 0 | Q23: =VLOOKUP(A23,vlookup_table!$A:$G,5,FALSE) -> C2 | R23: =VLOOKUP(A23,vlookup_table!$A:$G,6,FALSE) | S23: =VLOOKUP(A23,vlookup_table!$A:$G,7,FALSE) -> 15 | T23: =97-LEFT(P23,2)-IF(RIGHT(P23,2)>6,1,0) -> 96 | U23: =IF(LEFT(Q23,1)="C","Ciudad",IF(LEFT(Q23,1)="T","Pueblo",IF(LEFT(Q23,1)="R","Rural",IF(LEFT(Q23,1)="S","Suburbano",IF(LEFT(Q23,1)="U","Urbano",""))))) -> Ciudad
A24: 111795 | B24: AR | D24: 603 | E24: 208 | F24: 341 | G24: 2 | H24: 12038 | I24: 1 | J24: 70 | K24: 264 | L24: 288 | M24: 5 | N24: =VLOOKUP(A24,vlookup_table!$A:$G,2,FALSE) -> 0 | O24: =VLOOKUP(A24,vlookup_table!$A:$G,3,FALSE) -> AR | P24: =VLOOKUP(A24,vlookup_table!$A:$G,4,FALSE) -> 0 | Q24: =VLOOKUP(A24,vlookup_table!$A:$G,5,FALSE) | R24: =VLOOKUP(A24,vlookup_table!$A:$G,6,FALSE) | S24: =VLOOKUP(A24,vlookup_table!$A:$G,7,FALSE) -> 5 | T24: =97-LEFT(P24,2)-IF(RIGHT(P24,2)>6,1,0) -> 96 | U24: =IF(LEFT(Q24,1)="C","Ciudad",IF(LEFT(Q24,1)="T","Pueblo",IF(LEFT(Q24,1)="R","Rural",IF(LEFT(Q24,1)="S","Suburbano",IF(LEFT(Q24,1)="U","Urbano","")))))
A25: 64480 | B25: IN | C25: F | D25: 526 | E25: 277 | F25: 370 | G25: 1 | H25: 12826 | I25: 1 | J25: 80 | K25: 336 | L25: 317 | M25: 7.1428571 | N25: =VLOOKUP(A25,vlookup_table!$A:$G,2,FALSE) -> 28 | O25: =VLOOKUP(A25,vlookup_table!$A:$G,3,FALSE) -> IN | P25: =VLOOKUP(A25,vlookup_table!$A:$G,4,FALSE) -> 0 | Q25: =VLOOKUP(A25,vlookup_table!$A:$G,5,FALSE) -> T2 | R25: =VLOOKUP(A25,vlookup_table!$A:$G,6,FALSE) -> F | S25: =VLOOKUP(A25,vlookup_table!$A:$G,7,FALSE) -> 10 | T25: =97-LEFT(P25,2)-IF(RIGHT(P25,2)>6,1,0) -> 96 | U25: =IF(LEFT(Q25,1)="C","Ciudad",IF(LEFT(Q25,1)="T","Pueblo",IF(LEFT(Q25,1)="R","Rural",IF(LEFT(Q25,1)="S","Suburbano",IF(LEFT(Q25,1)="U","Urbano",""))))) -> Pueblo
A26: 87259 | B26: MT | C26: M | D26: 717 | E26: 302 | F26: 432 | G26: 1 | H26: 15614 | I26: 1 | J26: 53 | K26: 458 | L26: 349 | M26: 9.7 | N26: =VLOOKUP(A26,vlookup_table!$A:$G,2,FALSE) -> 2 | O26: =VLOOKUP(A26,vlookup_table!$A:$G,3,FALSE) -> MT | P26: =VLOOKUP(A26,vlookup_table!$A:$G,4,FALSE) -> 4304 | Q26: =VLOOKUP(A26,vlookup_table!$A:$G,5,FALSE) -> C1 | R26: =VLOOKUP(A26,vlookup_table!$A:$G,6,FALSE) -> M | S26: =VLOOKUP(A26,vlookup_table!$A:$G,7,FALSE) -> 25 | T26: =97-LEFT(P26,2)-IF(RIGHT(P26,2)>6,1,0) -> 53 | U26: =IF(LEFT(Q26,1)="C","Ciudad",IF(LEFT(Q26,1)="T","Pueblo",IF(LEFT(Q26,1)="R","Rural",IF(LEFT(Q26,1)="S","Suburbano",IF(LEFT(Q26,1)="U","Urbano",""))))) -> Ciudad
A27: 115823 | B27: TX | C27: M | D27: 1011 | E27: 593 | F27: 650 | G27: 1 | H27: 17606 | I27: 5 | J27: 61 | K27: 588 | L27: 650 | M27: 6.5 | N27: =VLOOKUP(A27,vlookup_table!$A:$G,2,FALSE) -> 0 | O27: =VLOOKUP(A27,vlookup_table!$A:$G,3,FALSE) -> TX | P27: =VLOOKUP(A27,vlookup_table!$A:$G,4,FALSE) -> 0 | Q27: =VLOOKUP(A27,vlookup_table!$A:$G,5,FALSE) -> S1 | R27: =VLOOKUP(A27,vlookup_table!$A:$G,6,FALSE) -> M | S27: =VLOOKUP(A27,vlookup_table!$A:$G,7,FALSE) -> 15 | T27: =97-LEFT(P27,2)-IF(RIGHT(P27,2)>6,1,0) -> 96 | U27: =IF(LEFT(Q27,1)="C","Ciudad",IF(LEFT(Q27,1)="T","Pueblo",IF(LEFT(Q27,1)="R","Rural",IF(LEFT(Q27,1)="S","Suburbano",IF(LEFT(Q27,1)="U","Urbano",""))))) -> Suburbano
A28: 95701 | B28: IL | C28: M | D28: 1063 | E28: 255 | F28: 317 | G28: 3 | H28: 14023 | I28: 16 | J28: 53 | K28: 260 | L28: 312 | M28: 8.3727907 | N28: =VLOOKUP(A28,vlookup_table!$A:$G,2,FALSE) -> 1 | O28: =VLOOKUP(A28,vlookup_table!$A:$G,3,FALSE) -> IL | P28: =VLOOKUP(A28,vlookup_table!$A:$G,4,FALSE) -> 4406 | Q28: =VLOOKUP(A28,vlookup_table!$A:$G,5,FALSE) -> S2 | R28: =VLOOKUP(A28,vlookup_table!$A:$G,6,FALSE) -> M | S28: =VLOOKUP(A28,vlookup_table!$A:$G,7,FALSE) -> 5 | T28: =97-LEFT(P28,2)-IF(RIGHT(P28,2)>6,1,0) -> 52 | U28: =IF(LEFT(Q28,1)="C","Ciudad",IF(LEFT(Q28,1)="T","Pueblo",IF(LEFT(Q28,1)="R","Rural",IF(LEFT(Q28,1)="S","Suburbano",IF(LEFT(Q28,1)="U","Urbano",""))))) -> Suburbano
A29: 5172 | B29: IL | C29: M | D29: 291 | E29: 136 | F29: 212 | G29: 0 | H29: 8370 | I29: 5 | J29: 67 | K29: 168 | L29: 180 | M29: 10.611111 | N29: =VLOOKUP(A29,vlookup_table!$A:$G,2,FALSE) -> 1 | O29: =VLOOKUP(A29,vlookup_table!$A:$G,3,FALSE) -> IL | P29: =VLOOKUP(A29,vlookup_table!$A:$G,4,FALSE) -> 6105 | Q29: =VLOOKUP(A29,vlookup_table!$A:$G,5,FALSE) -> R3 | R29: =VLOOKUP(A29,vlookup_table!$A:$G,6,FALSE) -> M | S29: =VLOOKUP(A29,vlookup_table!$A:$G,7,FALSE) -> 10 | T29: =97-LEFT(P29,2)-IF(RIGHT(P29,2)>6,1,0) -> 35 | U29: =IF(LEFT(Q29,1)="C","Ciudad",IF(LEFT(Q29,1)="T","Pueblo",IF(LEFT(Q29,1)="R","Rural",IF(LEFT(Q29,1)="S","Suburbano",IF(LEFT(Q29,1)="U","Urbano",""))))) -> Rural
A30: 152486 | B30: CA | C30: M | D30: 1538 | E30: 271 | F30: 393 | G30: 11 | H30: 15627 | I30: 5 | J30: 49 | K30: 317 | L30: 342 | M30: 5.5 | N30: =VLOOKUP(A30,vlookup_table!$A:$G,2,FALSE) -> 1 | O30: =VLOOKUP(A30,vlookup_table!$A:$G,3,FALSE) -> CA | P30: =VLOOKUP(A30,vlookup_table!$A:$G,4,FALSE) -> 2401 | Q30: =VLOOKUP(A30,vlookup_table!$A:$G,5,FALSE) -> S2 | R30: =VLOOKUP(A30,vlookup_table!$A:$G,6,FALSE) -> M | S30: =VLOOKUP(A30,vlookup_table!$A:$G,7,FALSE) -> 5 | T30: =97-LEFT(P30,2)-IF(RIGHT(P30,2)>6,1,0) -> 72 | U30: =IF(LEFT(Q30,1)="C","Ciudad",IF(LEFT(Q30,1)="T","Pueblo",IF(LEFT(Q30,1)="R","Rural",IF(LEFT(Q30,1)="S","Suburbano",IF(LEFT(Q30,1)="U","Urbano",""))))) -> Suburbano
A31: 153880 | B31: WI | C31: F | D31: 592 | E31: 244 | F31: 392 | G31: 1 | H31: 12220 | I31: 3 | J31: 74 | K31: 341 | L31: 306 | M31: 12.5 | N31: =VLOOKUP(A31,vlookup_table!$A:$G,2,FALSE) -> 2 | O31: =VLOOKUP(A31,vlookup_table!$A:$G,3,FALSE) -> WI | P31: =VLOOKUP(A31,vlookup_table!$A:$G,4,FALSE) -> 5001 | Q31: =VLOOKUP(A31,vlookup_table!$A:$G,5,FALSE) -> S1 | R31: =VLOOKUP(A31,vlookup_table!$A:$G,6,FALSE) -> F | S31: =VLOOKUP(A31,vlookup_table!$A:$G,7,FALSE) -> 5 | T31: =97-LEFT(P31,2)-IF(RIGHT(P31,2)>6,1,0) -> 46 | U31: =IF(LEFT(Q31,1)="C","Ciudad",IF(LEFT(Q31,1)="T","Pueblo",IF(LEFT(Q31,1)="R","Rural",IF(LEFT(Q31,1)="S","Suburbano",IF(LEFT(Q31,1)="U","Urbano",""))))) -> Suburbano
A32: 101855 | B32: MO | C32: M | D32: 871 | E32: 340 | F32: 416 | G32: 6 | H32: 15336 | I32: 0 | J32: 71 | K32: 385 | L32: 365 | M32: 7.8571429 | N32: =VLOOKUP(A32,vlookup_table!$A:$G,2,FALSE) -> 1 | O32: =VLOOKUP(A32,vlookup_table!$A:$G,3,FALSE) -> MO | P32: =VLOOKUP(A32,vlookup_table!$A:$G,4,FALSE) -> 2401 | Q32: =VLOOKUP(A32,vlookup_table!$A:$G,5,FALSE) -> C2 | R32: =VLOOKUP(A32,vlookup_table!$A:$G,6,FALSE) -> M | S32: =VLOOKUP(A32,vlookup_table!$A:$G,7,FALSE) -> 10 | T32: =97-LEFT(P32,2)-IF(RIGHT(P32,2)>6,1,0) -> 72 | U32: =IF(LEFT(Q32,1)="C","Ciudad",IF(LEFT(Q32,1)="T","Pueblo",IF(LEFT(Q32,1)="R","Rural",IF(LEFT(Q32,1)="S","Suburbano",IF(LEFT(Q32,1)="U","Urbano",""))))) -> Ciudad
A33: 62932 | B33: IN | C33: M | D33: 403 | E33: 174 | F33: 264 | G33: 1 | H33: 9704 | I33: 0 | J33: 45 | K33: 240 | L33: 201 | M33: 8 | N33: =VLOOKUP(A33,vlookup_table!$A:$G,2,FALSE) -> 1 | O33: =VLOOKUP(A33,vlookup_table!$A:$G,3,FALSE) -> IN | P33: =VLOOKUP(A33,vlookup_table!$A:$G,4,FALSE) -> 0 | Q33: =VLOOKUP(A33,vlookup_table!$A:$G,5,FALSE) -> S3 | R33: =VLOOKUP(A33,vlookup_table!$A:$G,6,FALSE) -> M | S33: =VLOOKUP(A33,vlookup_table!$A:$G,7,FALSE) -> 10 | T33: =97-LEFT(P33,2)-IF(RIGHT(P33,2)>6,1,0) -> 96 | U33: =IF(LEFT(Q33,1)="C","Ciudad",IF(LEFT(Q33,1)="T","Pueblo",IF(LEFT(Q33,1)="R","Rural",IF(LEFT(Q33,1)="S","Suburbano",IF(LEFT(Q33,1)="U","Urbano",""))))) -> Suburbano
A34: 125930 | B34: TX | C34: F | D34: 715 | E34: 339 | F34: 396 | G34: 1 | H34: 12617 | I34: 3 | J34: 88 | K34: 378 | L34: 371 | M34: 6 | N34: =VLOOKUP(A34,vlookup_table!$A:$G,2,FALSE) -> 0 | O34: =VLOOKUP(A34,vlookup_table!$A:$G,3,FALSE) -> TX | P34: =VLOOKUP(A34,vlookup_table!$A:$G,4,FALSE) -> 4806 | Q34: =VLOOKUP(A34,vlookup_table!$A:$G,5,FALSE) -> R2 | R34: =VLOOKUP(A34,vlookup_table!$A:$G,6,FALSE) -> F | S34: =VLOOKUP(A34,vlookup_table!$A:$G,7,FALSE) -> 75 | T34: =97-LEFT(P34,2)-IF(RIGHT(P34,2)>6,1,0) -> 48 | U34: =IF(LEFT(Q34,1)="C","Ciudad",IF(LEFT(Q34,1)="T","Pueblo",IF(LEFT(Q34,1)="R","Rural",IF(LEFT(Q34,1)="S","Suburbano",IF(LEFT(Q34,1)="U","Urbano",""))))) -> Rural
A35: 173653 | B35: HI | C35: F | D35: 2346 | E35: 420 | F35: 503 | G35: 67 | H35: 14552 | I35: 5 | J35: 78 | K35: 446 | L35: 468 | M35: 15.5 | N35: =VLOOKUP(A35,vlookup_table!$A:$G,2,FALSE) -> 28 | O35: =VLOOKUP(A35,vlookup_table!$A:$G,3,FALSE) -> HI | P35: =VLOOKUP(A35,vlookup_table!$A:$G,4,FALSE) -> 2401 | Q35: =VLOOKUP(A35,vlookup_table!$A:$G,5,FALSE) -> C2 | R35: =VLOOKUP(A35,vlookup_table!$A:$G,6,FALSE) -> F | S35: =VLOOKUP(A35,vlookup_table!$A:$G,7,FALSE) -> 21 | T35: =97-LEFT(P35,2)-IF(RIGHT(P35,2)>6,1,0) -> 72 | U35: =IF(LEFT(Q35,1)="C","Ciudad",IF(LEFT(Q35,1)="T","Pueblo",IF(LEFT(Q35,1)="R","Rural",IF(LEFT(Q35,1)="S","Suburbano",IF(LEFT(Q35,1)="U","Urbano",""))))) -> Ciudad
A36: 11011 | B36: FL | C36: M | D36: 559 | E36: 232 | F36: 269 | G36: 0 | H36: 10511 | I36: 11 | J36: 20 | K36: 270 | L36: 257 | M36: 12.611111 | N36: =VLOOKUP(A36,vlookup_table!$A:$G,2,FALSE) -> 1002 | O36: =VLOOKUP(A36,vlookup_table!$A:$G,3,FALSE) -> FL | P36: =VLOOKUP(A36,vlookup_table!$A:$G,4,FALSE) -> 2601 | Q36: =VLOOKUP(A36,vlookup_table!$A:$G,5,FALSE) -> S3 | R36: =VLOOKUP(A36,vlookup_table!$A:$G,6,FALSE) -> M | S36: =VLOOKUP(A36,vlookup_table!$A:$G,7,FALSE) -> 20 | T36: =97-LEFT(P36,2)-IF(RIGHT(P36,2)>6,1,0) -> 70 | U36: =IF(LEFT(Q36,1)="C","Ciudad",IF(LEFT(Q36,1)="T","Pueblo",IF(LEFT(Q36,1)="R","Rural",IF(LEFT(Q36,1)="S","Suburbano",IF(LEFT(Q36,1)="U","Urbano",""))))) -> Suburbano
A37: 116894 | B37: TX | C37: M | E37: 368 | F37: 531 | G37: 5 | H37: 33797 | I37: 2 | J37: 42 | K37: 457 | L37: 450 | M37: 12.25 | N37: =VLOOKUP(A37,vlookup_table!$A:$G,2,FALSE) -> 1 | O37: =VLOOKUP(A37,vlookup_table!$A:$G,3,FALSE) -> TX | P37: =VLOOKUP(A37,vlookup_table!$A:$G,4,FALSE) -> 2201 | Q37: =VLOOKUP(A37,vlookup_table!$A:$G,5,FALSE) -> U1 | R37: =VLOOKUP(A37,vlookup_table!$A:$G,6,FALSE) -> M | S37: =VLOOKUP(A37,vlookup_table!$A:$G,7,FALSE) -> 20 | T37: =97-LEFT(P37,2)-IF(RIGHT(P37,2)>6,1,0) -> 74 | U37: =IF(LEFT(Q37,1)="C","Ciudad",IF(LEFT(Q37,1)="T","Pueblo",IF(LEFT(Q37,1)="R","Rural",IF(LEFT(Q37,1)="S","Suburbano",IF(LEFT(Q37,1)="U","Urbano",""))))) -> Urbano
A38: 154245 | B38: CA | C38: F | D38: 596 | E38: 164 | F38: 190 | G38: 0 | H38: 5273 | I38: 23 | J38: 57 | K38: 168 | L38: 181 | M38: 16.5 | N38: =VLOOKUP(A38,vlookup_table!$A:$G,2,FALSE) -> 2 | O38: =VLOOKUP(A38,vlookup_table!$A:$G,3,FALSE) -> CA | P38: =VLOOKUP(A38,vlookup_table!$A:$G,4,FALSE) -> 4304 | Q38: =VLOOKUP(A38,vlookup_table!$A:$G,5,FALSE) -> R1 | R38: =VLOOKUP(A38,vlookup_table!$A:$G,6,FALSE) -> F | S38: =VLOOKUP(A38,vlookup_table!$A:$G,7,FALSE) -> 15 | T38: =97-LEFT(P38,2)-IF(RIGHT(P38,2)>6,1,0) -> 53 | U38: =IF(LEFT(Q38,1)="C","Ciudad",IF(LEFT(Q38,1)="T","Pueblo",IF(LEFT(Q38,1)="R","Rural",IF(LEFT(Q38,1)="S","Suburbano",IF(LEFT(Q38,1)="U","Urbano",""))))) -> Rural
A39: 134773 | B39: UT | C39: M | D39: 706 | E39: 362 | F39: 394 | G39: 1 | H39: 10420 | I39: 1 | J39: 82 | K39: 376 | L39: 379 | M39: 15 | N39: =VLOOKUP(A39,vlookup_table!$A:$G,2,FALSE) -> 1 | O39: =VLOOKUP(A39,vlookup_table!$A:$G,3,FALSE) -> UT | P39: =VLOOKUP(A39,vlookup_table!$A:$G,4,FALSE) -> 3201 | Q39: =VLOOKUP(A39,vlookup_table!$A:$G,5,FALSE) -> C3 | R39: =VLOOKUP(A39,vlookup_table!$A:$G,6,FALSE) -> M | S39: =VLOOKUP(A39,vlookup_table!$A:$G,7,FALSE) -> 25 | T39: =97-LEFT(P39,2)-IF(RIGHT(P39,2)>6,1,0) -> 64 | U39: =IF(LEFT(Q39,1)="C","Ciudad",IF(LEFT(Q39,1)="T","Pueblo",IF(LEFT(Q39,1)="R","Rural",IF(LEFT(Q39,1)="S","Suburbano",IF(LEFT(Q39,1)="U","Urbano",""))))) -> Ciudad
A40: 26271 | B40: GA | C40: F | D40: 878 | E40: 310 | F40: 588 | G40: 30 | H40: 22281 | I40: 4 | J40: 55 | K40: 517 | L40: 433 | M40: 10.133333 | N40: =VLOOKUP(A40,vlookup_table!$A:$G,2,FALSE) -> 28 | O40: =VLOOKUP(A40,vlookup_table!$A:$G,3,FALSE) -> GA | P40: =VLOOKUP(A40,vlookup_table!$A:$G,4,FALSE) -> 3701 | Q40: =VLOOKUP(A40,vlookup_table!$A:$G,5,FALSE) -> C2 | R40: =VLOOKUP(A40,vlookup_table!$A:$G,6,FALSE) -> F | S40: =VLOOKUP(A40,vlookup_table!$A:$G,7,FALSE) -> 16 | T40: =97-LEFT(P40,2)-IF(RIGHT(P40,2)>6,1,0) -> 59 | U40: =IF(LEFT(Q40,1)="C","Ciudad",IF(LEFT(Q40,1)="T","Pueblo",IF(LEFT(Q40,1)="R","Rural",IF(LEFT(Q40,1)="S","Suburbano",IF(LEFT(Q40,1)="U","Urbano",""))))) -> Ciudad
A41: 180292 | B41: WA | C41: F | D41: 1275 | E41: 405 | F41: 545 | G41: 21 | H41: 20971 | I41: 6 | J41: 51 | K41: 453 | L41: 500 | M41: 6.6 | N41: =VLOOKUP(A41,vlookup_table!$A:$G,2,FALSE) -> 28 | O41: =VLOOKUP(A41,vlookup_table!$A:$G,3,FALSE) -> WA | P41: =VLOOKUP(A41,vlookup_table!$A:$G,4,FALSE) -> 2105 | Q41: =VLOOKUP(A41,vlookup_table!$A:$G,5,FALSE) -> C2 | R41: =VLOOKUP(A41,vlookup_table!$A:$G,6,FALSE) -> F | S41: =VLOOKUP(A41,vlookup_table!$A:$G,7,FALSE) -> 10 | T41: =97-LEFT(P41,2)-IF(RIGHT(P41,2)>6,1,0) -> 75 | U41: =IF(LEFT(Q41,1)="C","Ciudad",IF(LEFT(Q41,1)="T","Pueblo",IF(LEFT(Q41,1)="R","Rural",IF(LEFT(Q41,1)="S","Suburbano",IF(LEFT(Q41,1)="U","Urbano",""))))) -> Ciudad
A42: 10145 | B42: CA | C42: F | D42: 2362 | E42: 613 | F42: 678 | G42: 74 | H42: 21179 | I42: 9 | J42: 61 | K42: 632 | L42: 655 | M42: 8.9285714 | N42: =VLOOKUP(A42,vlookup_table!$A:$G,2,FALSE) -> 2 | O42: =VLOOKUP(A42,vlookup_table!$A:$G,3,FALSE) -> CA | P42: =VLOOKUP(A42,vlookup_table!$A:$G,4,FALSE) -> 5401 | Q42: =VLOOKUP(A42,vlookup_table!$A:$G,5,FALSE) -> C1 | R42: =VLOOKUP(A42,vlookup_table!$A:$G,6,FALSE) -> F | S42: =VLOOKUP(A42,vlookup_table!$A:$G,7,FALSE) -> 5 | T42: =97-LEFT(P42,2)-IF(RIGHT(P42,2)>6,1,0) -> 42 | U42: =IF(LEFT(Q42,1)="C","Ciudad",IF(LEFT(Q42,1)="T","Pueblo",IF(LEFT(Q42,1)="R","Rural",IF(LEFT(Q42,1)="S","Suburbano",IF(LEFT(Q42,1)="U","Urbano",""))))) -> Ciudad
A43: 133806 | B43: ID | C43: U | D43: 718 | E43: 226 | F43: 357 | G43: 0 | H43: 17292 | I43: 0 | J43: 39 | K43: 280 | L43: 278 | M43: 20 | N43: =VLOOKUP(A43,vlookup_table!$A:$G,2,FALSE) -> 0 | O43: =VLOOKUP(A43,vlookup_table!$A:$G,3,FALSE) -> ID | P43: =VLOOKUP(A43,vlookup_table!$A:$G,4,FALSE) -> 0 | Q43: =VLOOKUP(A43,vlookup_table!$A:$G,5,FALSE) -> T2 | R43: =VLOOKUP(A43,vlookup_table!$A:$G,6,FALSE) -> U | S43: =VLOOKUP(A43,vlookup_table!$A:$G,7,FALSE) -> 15 | T43: =97-LEFT(P43,2)-IF(RIGHT(P43,2)>6,1,0) -> 96 | U43: =IF(LEFT(Q43,1)="C","Ciudad",IF(LEFT(Q43,1)="T","Pueblo",IF(LEFT(Q43,1)="R","Rural",IF(LEFT(Q43,1)="S","Suburbano",IF(LEFT(Q43,1)="U","Urbano",""))))) -> Pueblo
A44: 112632 | B44: CT | C44: M | D44: 2531 | E44: 669 | F44: 750 | G44: 77 | H44: 21094 | I44: 6 | J44: 51 | K44: 730 | L44: 696 | M44: 8.2727273 | N44: =VLOOKUP(A44,vlookup_table!$A:$G,2,FALSE) -> 2 | O44: =VLOOKUP(A44,vlookup_table!$A:$G,3,FALSE) -> CT | P44: =VLOOKUP(A44,vlookup_table!$A:$G,4,FALSE) -> 5001 | Q44: =VLOOKUP(A44,vlookup_table!$A:$G,5,FALSE) | R44: =VLOOKUP(A44,vlookup_table!$A:$G,6,FALSE) -> M | S44: =VLOOKUP(A44,vlookup_table!$A:$G,7,FALSE) -> 11 | T44: =97-LEFT(P44,2)-IF(RIGHT(P44,2)>6,1,0) -> 46 | U44: =IF(LEFT(Q44,1)="C","Ciudad",IF(LEFT(Q44,1)="T","Pueblo",IF(LEFT(Q44,1)="R","Rural",IF(LEFT(Q44,1)="S","Suburbano",IF(LEFT(Q44,1)="U","Urbano","")))))
A45: 143253 | B45: CA | C45: F | D45: 2089 | E45: 275 | F45: 356 | G45: 56 | H45: 10484 | I45: 53 | J45: 36 | K45: 296 | L45: 322 | M45: 7.125 | N45: =VLOOKUP(A45,vlookup_table!$A:$G,2,FALSE) -> 0 | O45: =VLOOKUP(A45,vlookup_table!$A:$G,3,FALSE) -> CA | P45: =VLOOKUP(A45,vlookup_table!$A:$G,4,FALSE) -> 2101 | Q45: =VLOOKUP(A45,vlookup_table!$A:$G,5,FALSE) -> U3 | R45: =VLOOKUP(A45,vlookup_table!$A:$G,6,FALSE) -> F | S45: =VLOOKUP(A45,vlookup_table!$A:$G,7,FALSE) -> 5 | T45: =97-LEFT(P45,2)-IF(RIGHT(P45,2)>6,1,0) -> 75 | U45: =IF(LEFT(Q45,1)="C","Ciudad",IF(LEFT(Q45,1)="T","Pueblo",IF(LEFT(Q45,1)="R","Rural",IF(LEFT(Q45,1)="S","Suburbano",IF(LEFT(Q45,1)="U","Urbano",""))))) -> Urbano
A46: 403 | B46: AL | C46: J | D46: 765 | E46: 408 | F46: 472 | G46: 1 | H46: 15150 | I46: 1 | J46: 68 | K46: 430 | L46: 441 | M46: 33.5 | N46: =VLOOKUP(A46,vlookup_table!$A:$G,2,FALSE) -> 0 | O46: =VLOOKUP(A46,vlookup_table!$A:$G,3,FALSE) -> AL | P46: =VLOOKUP(A46,vlookup_table!$A:$G,4,FALSE) -> 3901 | Q46: =VLOOKUP(A46,vlookup_table!$A:$G,5,FALSE) | R46: =VLOOKUP(A46,vlookup_table!$A:$G,6,FALSE) -> J | S46: =VLOOKUP(A46,vlookup_table!$A:$G,7,FALSE) -> 35 | T46: =97-LEFT(P46,2)-IF(RIGHT(P46,2)>6,1,0) -> 57 | U46: =IF(LEFT(Q46,1)="C","Ciudad",IF(LEFT(Q46,1)="T","Pueblo",IF(LEFT(Q46,1)="R","Rural",IF(LEFT(Q46,1)="S","Suburbano",IF(LEFT(Q46,1)="U","Urbano","")))))
A47: 189882 | B47: ND | C47: F | D47: 832 | E47: 310 | F47: 376 | G47: 0 | H47: 11972 | I47: 1 | J47: 85 | K47: 338 | L47: 348 | M47: 10 | N47: =VLOOKUP(A47,vlookup_table!$A:$G,2,FALSE) -> 0 | O47: =VLOOKUP(A47,vlookup_table!$A:$G,3,FALSE) -> ND | P47: =VLOOKUP(A47,vlookup_table!$A:$G,4,FALSE) -> 4201 | Q47: =VLOOKUP(A47,vlookup_table!$A:$G,5,FALSE) -> C2 | R47: =VLOOKUP(A47,vlookup_table!$A:$G,6,FALSE) -> F | S47: =VLOOKUP(A47,vlookup_table!$A:$G,7,FALSE) -> 10 | T47: =97-LEFT(P47,2)-IF(RIGHT(P47,2)>6,1,0) -> 54 | U47: =IF(LEFT(Q47,1)="C","Ciudad",IF(LEFT(Q47,1)="T","Pueblo",IF(LEFT(Q47,1)="R","Rural",IF(LEFT(Q47,1)="S","Suburbano",IF(LEFT(Q47,1)="U","Urbano",""))))) -> Ciudad
A48: 119570 | B48: TX | C48: M | D48: 1458 | E48: 299 | F48: 446 | G48: 8 | H48: 19185 | I48: 4 | J48: 56 | K48: 354 | L48: 356 | M48: 6.1818182 | N48: =VLOOKUP(A48,vlookup_table!$A:$G,2,FALSE) -> 1 | O48: =VLOOKUP(A48,vlookup_table!$A:$G,3,FALSE) -> TX | P48: =VLOOKUP(A48,vlookup_table!$A:$G,4,FALSE) -> 5201 | Q48: =VLOOKUP(A48,vlookup_table!$A:$G,5,FALSE) -> S1 | R48: =VLOOKUP(A48,vlookup_table!$A:$G,6,FALSE) -> M | S48: =VLOOKUP(A48,vlookup_table!$A:$G,7,FALSE) -> 10 | T48: =97-LEFT(P48,2)-IF(RIGHT(P48,2)>6,1,0) -> 44 | U48: =IF(LEFT(Q48,1)="C","Ciudad",IF(LEFT(Q48,1)="T","Pueblo",IF(LEFT(Q48,1)="R","Rural",IF(LEFT(Q48,1)="S","Suburbano",IF(LEFT(Q48,1)="U","Urbano",""))))) -> Suburbano
A49: 144021 | B49: CA | C49: F | D49: 1590 | E49: 240 | F49: 257 | G49: 25 | H49: 7559 | I49: 57 | J49: 34 | K49: 238 | L49: 262 | M49: 13.5 | N49: =VLOOKUP(A49,vlookup_table!$A:$G,2,FALSE) -> 0 | O49: =VLOOKUP(A49,vlookup_table!$A:$G,3,FALSE) -> CA | P49: =VLOOKUP(A49,vlookup_table!$A:$G,4,FALSE) -> 4903 | Q49: =VLOOKUP(A49,vlookup_table!$A:$G,5,FALSE) -> U4 | R49: =VLOOKUP(A49,vlookup_table!$A:$G,6,FALSE) -> F | S49: =VLOOKUP(A49,vlookup_table!$A:$G,7,FALSE) -> 15 | T49: =97-LEFT(P49,2)-IF(RIGHT(P49,2)>6,1,0) -> 47 | U49: =IF(LEFT(Q49,1)="C","Ciudad",IF(LEFT(Q49,1)="T","Pueblo",IF(LEFT(Q49,1)="R","Rural",IF(LEFT(Q49,1)="S","Suburbano",IF(LEFT(Q49,1)="U","Urbano",""))))) -> Urbano
... A55: 163018 | B55: CA | C55: M | D55: 3500 | E55: 351 | F55: 407 | G55: 57 | H55: 26034 | I55: 36 | J55: 28 | K55: 260 | L55: 463 | M55: 15.666667 | N55: =VLOOKUP(A55,vlookup_table!$A:$G,2,FALSE) -> 1 | O55: =VLOOKUP(A55,vlookup_table!$A:$G,3,FALSE) -> CA | P55: =VLOOKUP(A55,vlookup_table!$A:$G,4,FALSE) -> 0 | Q55: =VLOOKUP(A55,vlookup_table!$A:$G,5,FALSE) -> U1 | R55: =VLOOKUP(A55,vlookup_table!$A:$G,6,FALSE) -> M | S55: =VLOOKUP(A55,vlookup_table!$A:$G,7,FALSE) -> 24 | T55: =97-LEFT(P55,2)-IF(RIGHT(P55,2)>6,1,0) -> 96 | U55: =IF(LEFT(Q55,1)="C","Ciudad",IF(LEFT(Q55,1)="T","Pueblo",IF(LEFT(Q55,1)="R","Rural",IF(LEFT(Q55,1)="S","Suburbano",IF(LEFT(Q55,1)="U","Urbano",""))))) -> Urbano
A56: 190671 | B56: CA | D56: 2143 | E56: 280 | F56: 373 | G56: 63 | H56: 12935 | I56: 29 | J56: 36 | K56: 353 | L56: 328 | M56: 9.2608696 | N56: =VLOOKUP(A56,vlookup_table!$A:$G,2,FALSE) -> 0 | O56: =VLOOKUP(A56,vlookup_table!$A:$G,3,FALSE) -> CA | P56: =VLOOKUP(A56,vlookup_table!$A:$G,4,FALSE) -> 1901 | Q56: =VLOOKUP(A56,vlookup_table!$A:$G,5,FALSE) | R56: =VLOOKUP(A56,vlookup_table!$A:$G,6,FALSE) | S56: =VLOOKUP(A56,vlookup_table!$A:$G,7,FALSE) -> 14 | T56: =97-LEFT(P56,2)-IF(RIGHT(P56,2)>6,1,0) -> 77 | U56: =IF(LEFT(Q56,1)="C","Ciudad",IF(LEFT(Q56,1)="T","Pueblo",IF(LEFT(Q56,1)="R","Rural",IF(LEFT(Q56,1)="S","Suburbano",IF(LEFT(Q56,1)="U","Urbano","")))))
A57: 33356 | B57: FL | C57: F | D57: 625 | E57: 246 | F57: 536 | G57: 3 | H57: 19102 | I57: 1 | J57: 47 | K57: 466 | L57: 362 | M57: 14.090909 | N57: =VLOOKUP(A57,vlookup_table!$A:$G,2,FALSE) -> 0 | O57: =VLOOKUP(A57,vlookup_table!$A:$G,3,FALSE) -> FL | P57: =VLOOKUP(A57,vlookup_table!$A:$G,4,FALSE) -> 1401 | Q57: =VLOOKUP(A57,vlookup_table!$A:$G,5,FALSE) -> S1 | R57: =VLOOKUP(A57,vlookup_table!$A:$G,6,FALSE) -> F | S57: =VLOOKUP(A57,vlookup_table!$A:$G,7,FALSE) -> 20 | T57: =97-LEFT(P57,2)-IF(RIGHT(P57,2)>6,1,0) -> 82 | U57: =IF(LEFT(Q57,1)="C","Ciudad",IF(LEFT(Q57,1)="T","Pueblo",IF(LEFT(Q57,1)="R","Rural",IF(LEFT(Q57,1)="S","Suburbano",IF(LEFT(Q57,1)="U","Urbano",""))))) -> Suburbano
A58: 151600 | B58: CL | C58: M | D58: 1560 | E58: 500 | F58: 485 | G58: 5 | H58: 13816 | I58: 22 | J58: 38 | K58: 488 | L58: 487 | M58: 15 | N58: =VLOOKUP(A58,vlookup_table!$A:$G,2,FALSE) -> 1 | O58: =VLOOKUP(A58,vlookup_table!$A:$G,3,FALSE) -> CA | P58: =VLOOKUP(A58,vlookup_table!$A:$G,4,FALSE) -> 6601 | Q58: =VLOOKUP(A58,vlookup_table!$A:$G,5,FALSE) -> S2 | R58: =VLOOKUP(A58,vlookup_table!$A:$G,6,FALSE) -> M | S58: =VLOOKUP(A58,vlookup_table!$A:$G,7,FALSE) -> 21 | T58: =97-LEFT(P58,2)-IF(RIGHT(P58,2)>6,1,0) -> 30 | U58: =IF(LEFT(Q58,1)="C","Ciudad",IF(LEFT(Q58,1)="T","Pueblo",IF(LEFT(Q58,1)="R","Rural",IF(LEFT(Q58,1)="S","Suburbano",IF(LEFT(Q58,1)="U","Urbano",""))))) -> Suburbano
A59: 21259 | B59: NC | C59: F | D59: 716 | E59: 146 | F59: 382 | G59: 1 | H59: 11136 | I59: 2 | J59: 66 | K59: 339 | L59: 227 | M59: 12.478261 | N59: =VLOOKUP(A59,vlookup_table!$A:$G,2,FALSE) -> 0 | O59: =VLOOKUP(A59,vlookup_table!$A:$G,3,FALSE) -> NC | P59: =VLOOKUP(A59,vlookup_table!$A:$G,4,FALSE) -> 4001 | Q59: =VLOOKUP(A59,vlookup_table!$A:$G,5,FALSE) -> C2 | R59: =VLOOKUP(A59,vlookup_table!$A:$G,6,FALSE) -> F | S59: =VLOOKUP(A59,vlookup_table!$A:$G,7,FALSE) -> 15 | T59: =97-LEFT(P59,2)-IF(RIGHT(P59,2)>6,1,0) -> 56 | U59: =IF(LEFT(Q59,1)="C","Ciudad",IF(LEFT(Q59,1)="T","Pueblo",IF(LEFT(Q59,1)="R","Rural",IF(LEFT(Q59,1)="S","Suburbano",IF(LEFT(Q59,1)="U","Urbano",""))))) -> Ciudad
A60: 128987 | B60: TX | C60: F | D60: 1247 | E60: 215 | F60: 444 | G60: 17 | H60: 16891 | I60: 16 | J60: 50 | K60: 313 | L60: 350 | M60: 26.333333 | N60: =VLOOKUP(A60,vlookup_table!$A:$G,2,FALSE) -> 28 | O60: =VLOOKUP(A60,vlookup_table!$A:$G,3,FALSE) -> TX | P60: =VLOOKUP(A60,vlookup_table!$A:$G,4,FALSE) -> 3912 | Q60: =VLOOKUP(A60,vlookup_table!$A:$G,5,FALSE) -> U1 | R60: =VLOOKUP(A60,vlookup_table!$A:$G,6,FALSE) -> F | S60: =VLOOKUP(A60,vlookup_table!$A:$G,7,FALSE) -> 41 | T60: =97-LEFT(P60,2)-IF(RIGHT(P60,2)>6,1,0) -> 57 | U60: =IF(LEFT(Q60,1)="C","Ciudad",IF(LEFT(Q60,1)="T","Pueblo",IF(LEFT(Q60,1)="R","Rural",IF(LEFT(Q60,1)="S","Suburbano",IF(LEFT(Q60,1)="U","Urbano",""))))) -> Urbano
A61: 108926 | B61: LA | C61: M | D61: 611 | E61: 265 | F61: 337 | G61: 1 | H61: 12313 | I61: 4 | J61: 52 | K61: 323 | L61: 302 | M61: 15 | N61: =VLOOKUP(A61,vlookup_table!$A:$G,2,FALSE) -> 1 | O61: =VLOOKUP(A61,vlookup_table!$A:$G,3,FALSE) -> LA | P61: =VLOOKUP(A61,vlookup_table!$A:$G,4,FALSE) -> 2601 | Q61: =VLOOKUP(A61,vlookup_table!$A:$G,5,FALSE) -> T2 | R61: =VLOOKUP(A61,vlookup_table!$A:$G,6,FALSE) -> M | S61: =VLOOKUP(A61,vlookup_table!$A:$G,7,FALSE) -> 20 | T61: =97-LEFT(P61,2)-IF(RIGHT(P61,2)>6,1,0) -> 70 | U61: =IF(LEFT(Q61,1)="C","Ciudad",IF(LEFT(Q61,1)="T","Pueblo",IF(LEFT(Q61,1)="R","Rural",IF(LEFT(Q61,1)="S","Suburbano",IF(LEFT(Q61,1)="U","Urbano",""))))) -> Pueblo
A62: 154709 | B62: CL | C62: F | D62: 1431 | E62: 291 | F62: 376 | G62: 24 | H62: 10498 | I62: 18 | J62: 48 | K62: 390 | L62: 315 | M62: 13 | N62: =VLOOKUP(A62,vlookup_table!$A:$G,2,FALSE) -> 0 | O62: =VLOOKUP(A62,vlookup_table!$A:$G,3,FALSE) -> CA | P62: =VLOOKUP(A62,vlookup_table!$A:$G,4,FALSE) -> 0 | Q62: =VLOOKUP(A62,vlookup_table!$A:$G,5,FALSE) -> S2 | R62: =VLOOKUP(A62,vlookup_table!$A:$G,6,FALSE) -> F | S62: =VLOOKUP(A62,vlookup_table!$A:$G,7,FALSE) -> 5 | T62: =97-LEFT(P62,2)-IF(RIGHT(P62,2)>6,1,0) -> 96 | U62: =IF(LEFT(Q62,1)="C","Ciudad",IF(LEFT(Q62,1)="T","Pueblo",IF(LEFT(Q62,1)="R","Rural",IF(LEFT(Q62,1)="S","Suburbano",IF(LEFT(Q62,1)="U","Urbano",""))))) -> Suburbano
A63: 108050 | B63: LA | C63: F | D63: 1089 | E63: 431 | F63: 538 | G63: 1 | H63: 16777 | I63: 2 | J63: 64 | K63: 520 | L63: 480 | M63: 5.2 | N63: =VLOOKUP(A63,vlookup_table!$A:$G,2,FALSE) -> 0 | O63: =VLOOKUP(A63,vlookup_table!$A:$G,3,FALSE) -> LA | P63: =VLOOKUP(A63,vlookup_table!$A:$G,4,FALSE) -> 1401 | Q63: =VLOOKUP(A63,vlookup_table!$A:$G,5,FALSE) -> T1 | R63: =VLOOKUP(A63,vlookup_table!$A:$G,6,FALSE) -> F | S63: =VLOOKUP(A63,vlookup_table!$A:$G,7,FALSE) -> 16 | T63: =97-LEFT(P63,2)-IF(RIGHT(P63,2)>6,1,0) -> 82 | U63: =IF(LEFT(Q63,1)="C","Ciudad",IF(LEFT(Q63,1)="T","Pueblo",IF(LEFT(Q63,1)="R","Rural",IF(LEFT(Q63,1)="S","Suburbano",IF(LEFT(Q63,1)="U","Urbano",""))))) -> Pueblo
A64: 187274 | B64: IA | C64: F | D64: 435 | E64: 244 | F64: 329 | G64: 0 | H64: 10692 | I64: 2 | J64: 76 | K64: 298 | L64: 281 | M64: 15 | N64: =VLOOKUP(A64,vlookup_table!$A:$G,2,FALSE) -> 0 | O64: =VLOOKUP(A64,vlookup_table!$A:$G,3,FALSE) -> IA | P64: =VLOOKUP(A64,vlookup_table!$A:$G,4,FALSE) -> 0 | Q64: =VLOOKUP(A64,vlookup_table!$A:$G,5,FALSE) -> R2 | R64: =VLOOKUP(A64,vlookup_table!$A:$G,6,FALSE) -> F | S64: =VLOOKUP(A64,vlookup_table!$A:$G,7,FALSE) -> 15 | T64: =97-LEFT(P64,2)-IF(RIGHT(P64,2)>6,1,0) -> 96 | U64: =IF(LEFT(Q64,1)="C","Ciudad",IF(LEFT(Q64,1)="T","Pueblo",IF(LEFT(Q64,1)="R","Rural",IF(LEFT(Q64,1)="S","Suburbano",IF(LEFT(Q64,1)="U","Urbano",""))))) -> Rural
A65: 171655 | B65: CL | C65: F | D65: 1409 | E65: 321 | F65: 428 | G65: 21 | H65: 15611 | I65: 3 | J65: 57 | K65: 405 | L65: 377 | M65: 12.666667 | N65: =VLOOKUP(A65,vlookup_table!$A:$G,2,FALSE) -> 0 | O65: =VLOOKUP(A65,vlookup_table!$A:$G,3,FALSE) -> CA | P65: =VLOOKUP(A65,vlookup_table!$A:$G,4,FALSE) -> 0 | Q65: =VLOOKUP(A65,vlookup_table!$A:$G,5,FALSE) -> S3 | R65: =VLOOKUP(A65,vlookup_table!$A:$G,6,FALSE) -> F | S65: =VLOOKUP(A65,vlookup_table!$A:$G,7,FALSE) -> 12 | T65: =97-LEFT(P65,2)-IF(RIGHT(P65,2)>6,1,0) -> 96 | U65: =IF(LEFT(Q65,1)="C","Ciudad",IF(LEFT(Q65,1)="T","Pueblo",IF(LEFT(Q65,1)="R","Rural",IF(LEFT(Q65,1)="S","Suburbano",IF(LEFT(Q65,1)="U","Urbano",""))))) -> Suburbano
A66: 160488 | B66: OR | C66: M | D66: 647 | E66: 369 | F66: 463 | G66: 0 | H66: 18492 | I66: 6 | J66: 34 | K66: 422 | L66: 401 | M66: 9.5 | N66: =VLOOKUP(A66,vlookup_table!$A:$G,2,FALSE) -> 0 | O66: =VLOOKUP(A66,vlookup_table!$A:$G,3,FALSE) -> OR | P66: =VLOOKUP(A66,vlookup_table!$A:$G,4,FALSE) -> 0 | Q66: =VLOOKUP(A66,vlookup_table!$A:$G,5,FALSE) -> C2 | R66: =VLOOKUP(A66,vlookup_table!$A:$G,6,FALSE) -> M | S66: =VLOOKUP(A66,vlookup_table!$A:$G,7,FALSE) -> 10 | T66: =97-LEFT(P66,2)-IF(RIGHT(P66,2)>6,1,0) -> 96 | U66: =IF(LEFT(Q66,1)="C","Ciudad",IF(LEFT(Q66,1)="T","Pueblo",IF(LEFT(Q66,1)="R","Rural",IF(LEFT(Q66,1)="S","Suburbano",IF(LEFT(Q66,1)="U","Urbano",""))))) -> Ciudad
A67: 21305 | B67: NC | C67: M | D67: 415 | E67: 199 | F67: 300 | G67: 0 | H67: 11449 | I67: 0 | J67: 86 | K67: 308 | L67: 242 | M67: 8.3333333 | N67: =VLOOKUP(A67,vlookup_table!$A:$G,2,FALSE) -> 1 | O67: =VLOOKUP(A67,vlookup_table!$A:$G,3,FALSE) -> NC | P67: =VLOOKUP(A67,vlookup_table!$A:$G,4,FALSE) -> 5601 | Q67: =VLOOKUP(A67,vlookup_table!$A:$G,5,FALSE) -> R2 | R67: =VLOOKUP(A67,vlookup_table!$A:$G,6,FALSE) -> M | S67: =VLOOKUP(A67,vlookup_table!$A:$G,7,FALSE) -> 10 | T67: =97-LEFT(P67,2)-IF(RIGHT(P67,2)>6,1,0) -> 40 | U67: =IF(LEFT(Q67,1)="C","Ciudad",IF(LEFT(Q67,1)="T","Pueblo",IF(LEFT(Q67,1)="R","Rural",IF(LEFT(Q67,1)="S","Suburbano",IF(LEFT(Q67,1)="U","Urbano",""))))) -> Rural
A68: 98470 | B68: IL | C68: F | D68: 492 | E68: 172 | F68: 399 | G68: 0 | H68: 13218 | I68: 3 | J68: 85 | K68: 384 | L68: 276 | M68: 8.75 | N68: =VLOOKUP(A68,vlookup_table!$A:$G,2,FALSE) -> 2 | O68: =VLOOKUP(A68,vlookup_table!$A:$G,3,FALSE) -> IL | P68: =VLOOKUP(A68,vlookup_table!$A:$G,4,FALSE) -> 1108 | Q68: =VLOOKUP(A68,vlookup_table!$A:$G,5,FALSE) -> T2 | R68: =VLOOKUP(A68,vlookup_table!$A:$G,6,FALSE) -> F | S68: =VLOOKUP(A68,vlookup_table!$A:$G,7,FALSE) -> 14 | T68: =97-LEFT(P68,2)-IF(RIGHT(P68,2)>6,1,0) -> 85 | U68: =IF(LEFT(Q68,1)="C","Ciudad",IF(LEFT(Q68,1)="T","Pueblo",IF(LEFT(Q68,1)="R","Rural",IF(LEFT(Q68,1)="S","Suburbano",IF(LEFT(Q68,1)="U","Urbano",""))))) -> Pueblo
... A78: 148969 | B78: CL | C78: F | D78: 2377 | E78: 633 | F78: 663 | G78: 85 | H78: 19545 | I78: 13 | J78: 53 | K78: 637 | L78: 652 | M78: 9.1111111 | N78: =VLOOKUP(A78,vlookup_table!$A:$G,2,FALSE) -> 0 | O78: =VLOOKUP(A78,vlookup_table!$A:$G,3,FALSE) -> CA | P78: =VLOOKUP(A78,vlookup_table!$A:$G,4,FALSE) -> 0 | Q78: =VLOOKUP(A78,vlookup_table!$A:$G,5,FALSE) -> C1 | R78: =VLOOKUP(A78,vlookup_table!$A:$G,6,FALSE) -> F | S78: =VLOOKUP(A78,vlookup_table!$A:$G,7,FALSE) -> 10 | T78: =97-LEFT(P78,2)-IF(RIGHT(P78,2)>6,1,0) -> 96 | U78: =IF(LEFT(Q78,1)="C","Ciudad",IF(LEFT(Q78,1)="T","Pueblo",IF(LEFT(Q78,1)="R","Rural",IF(LEFT(Q78,1)="S","Suburbano",IF(LEFT(Q78,1)="U","Urbano",""))))) -> Ciudad
A79: 156324 | B79: CL | D79: 2016 | E79: 431 | F79: 497 | G79: 51 | H79: 17882 | I79: 11 | J79: 53 | K79: 465 | L79: 459 | M79: 8.75 | N79: =VLOOKUP(A79,vlookup_table!$A:$G,2,FALSE) -> 0 | O79: =VLOOKUP(A79,vlookup_table!$A:$G,3,FALSE) -> CA | P79: =VLOOKUP(A79,vlookup_table!$A:$G,4,FALSE) -> 0 | Q79: =VLOOKUP(A79,vlookup_table!$A:$G,5,FALSE) -> S1 | R79: =VLOOKUP(A79,vlookup_table!$A:$G,6,FALSE) | S79: =VLOOKUP(A79,vlookup_table!$A:$G,7,FALSE) -> 15 | T79: =97-LEFT(P79,2)-IF(RIGHT(P79,2)>6,1,0) -> 96 | U79: =IF(LEFT(Q79,1)="C","Ciudad",IF(LEFT(Q79,1)="T","Pueblo",IF(LEFT(Q79,1)="R","Rural",IF(LEFT(Q79,1)="S","Suburbano",IF(LEFT(Q79,1)="U","Urbano",""))))) -> Suburbano
A80: 130976 | B80: CO | C80: F | D80: 933 | E80: 289 | F80: 379 | G80: 0 | H80: 14104 | I80: 6 | J80: 42 | K80: 332 | L80: 349 | M80: 8.1428571 | N80: =VLOOKUP(A80,vlookup_table!$A:$G,2,FALSE) -> 2 | O80: =VLOOKUP(A80,vlookup_table!$A:$G,3,FALSE) -> CO | P80: =VLOOKUP(A80,vlookup_table!$A:$G,4,FALSE) -> 1412 | Q80: =VLOOKUP(A80,vlookup_table!$A:$G,5,FALSE) -> C2 | R80: =VLOOKUP(A80,vlookup_table!$A:$G,6,FALSE) -> F | S80: =VLOOKUP(A80,vlookup_table!$A:$G,7,FALSE) -> 7 | T80: =97-LEFT(P80,2)-IF(RIGHT(P80,2)>6,1,0) -> 82 | U80: =IF(LEFT(Q80,1)="C","Ciudad",IF(LEFT(Q80,1)="T","Pueblo",IF(LEFT(Q80,1)="R","Rural",IF(LEFT(Q80,1)="S","Suburbano",IF(LEFT(Q80,1)="U","Urbano",""))))) -> Ciudad
A81: 140141 | B81: NM | C81: F | D81: 619 | E81: 215 | F81: 268 | G81: 4 | H81: 10427 | I81: 2 | J81: 50 | K81: 222 | L81: 260 | M81: 12.8 | N81: =VLOOKUP(A81,vlookup_table!$A:$G,2,FALSE) -> 0 | O81: =VLOOKUP(A81,vlookup_table!$A:$G,3,FALSE) -> NM | P81: =VLOOKUP(A81,vlookup_table!$A:$G,4,FALSE) -> 4401 | Q81: =VLOOKUP(A81,vlookup_table!$A:$G,5,FALSE) -> R2 | R81: =VLOOKUP(A81,vlookup_table!$A:$G,6,FALSE) -> F | S81: =VLOOKUP(A81,vlookup_table!$A:$G,7,FALSE) -> 14 | T81: =97-LEFT(P81,2)-IF(RIGHT(P81,2)>6,1,0) -> 52 | U81: =IF(LEFT(Q81,1)="C","Ciudad",IF(LEFT(Q81,1)="T","Pueblo",IF(LEFT(Q81,1)="R","Rural",IF(LEFT(Q81,1)="S","Suburbano",IF(LEFT(Q81,1)="U","Urbano",""))))) -> Rural
A82: 85416 | B82: CL | C82: F | D82: 3303 | E82: 533 | F82: 614 | G82: 94 | H82: 24251 | I82: 13 | J82: 45 | K82: 568 | L82: 586 | M82: 14 | N82: =VLOOKUP(A82,vlookup_table!$A:$G,2,FALSE) -> 0 | O82: =VLOOKUP(A82,vlookup_table!$A:$G,3,FALSE) -> CA | P82: =VLOOKUP(A82,vlookup_table!$A:$G,4,FALSE) -> 0 | Q82: =VLOOKUP(A82,vlookup_table!$A:$G,5,FALSE) -> C2 | R82: =VLOOKUP(A82,vlookup_table!$A:$G,6,FALSE) -> F | S82: =VLOOKUP(A82,vlookup_table!$A:$G,7,FALSE) -> 25 | T82: =97-LEFT(P82,2)-IF(RIGHT(P82,2)>6,1,0) -> 96 | U82: =IF(LEFT(Q82,1)="C","Ciudad",IF(LEFT(Q82,1)="T","Pueblo",IF(LEFT(Q82,1)="R","Rural",IF(LEFT(Q82,1)="S","Suburbano",IF(LEFT(Q82,1)="U","Urbano",""))))) -> Ciudad
A83: 108150 | B83: LA | C83: F | D83: 960 | E83: 479 | F83: 613 | G83: 0 | H83: 19518 | I83: 10 | J83: 57 | K83: 526 | L83: 548 | M83: 15.2 | N83: =VLOOKUP(A83,vlookup_table!$A:$G,2,FALSE) -> 2 | O83: =VLOOKUP(A83,vlookup_table!$A:$G,3,FALSE) -> LA | P83: =VLOOKUP(A83,vlookup_table!$A:$G,4,FALSE) -> 6312 | Q83: =VLOOKUP(A83,vlookup_table!$A:$G,5,FALSE) -> S1 | R83: =VLOOKUP(A83,vlookup_table!$A:$G,6,FALSE) -> F | S83: =VLOOKUP(A83,vlookup_table!$A:$G,7,FALSE) -> 20 | T83: =97-LEFT(P83,2)-IF(RIGHT(P83,2)>6,1,0) -> 33 | U83: =IF(LEFT(Q83,1)="C","Ciudad",IF(LEFT(Q83,1)="T","Pueblo",IF(LEFT(Q83,1)="R","Rural",IF(LEFT(Q83,1)="S","Suburbano",IF(LEFT(Q83,1)="U","Urbano",""))))) -> Suburbano
A84: 129823 | B84: CO | C84: M | D84: 1236 | E84: 622 | F84: 737 | G84: 13 | H84: 25882 | I84: 2 | J84: 29 | K84: 630 | L84: 727 | M84: 6.0769231 | N84: =VLOOKUP(A84,vlookup_table!$A:$G,2,FALSE) -> 1002 | O84: =VLOOKUP(A84,vlookup_table!$A:$G,3,FALSE) -> CO | P84: =VLOOKUP(A84,vlookup_table!$A:$G,4,FALSE) -> 5601 | Q84: =VLOOKUP(A84,vlookup_table!$A:$G,5,FALSE) -> S1 | R84: =VLOOKUP(A84,vlookup_table!$A:$G,6,FALSE) -> M | S84: =VLOOKUP(A84,vlookup_table!$A:$G,7,FALSE) -> 10 | T84: =97-LEFT(P84,2)-IF(RIGHT(P84,2)>6,1,0) -> 40 | U84: =IF(LEFT(Q84,1)="C","Ciudad",IF(LEFT(Q84,1)="T","Pueblo",IF(LEFT(Q84,1)="R","Rural",IF(LEFT(Q84,1)="S","Suburbano",IF(LEFT(Q84,1)="U","Urbano",""))))) -> Suburbano
A85: 104413 | B85: AZ | C85: M | D85: 473 | E85: 164 | F85: 215 | G85: 1 | H85: 9819 | I85: 6 | J85: 23 | K85: 179 | L85: 207 | M85: 5.5 | N85: =VLOOKUP(A85,vlookup_table!$A:$G,2,FALSE) -> 1 | O85: =VLOOKUP(A85,vlookup_table!$A:$G,3,FALSE) -> AZ | P85: =VLOOKUP(A85,vlookup_table!$A:$G,4,FALSE) -> 4201 | Q85: =VLOOKUP(A85,vlookup_table!$A:$G,5,FALSE) -> R2 | R85: =VLOOKUP(A85,vlookup_table!$A:$G,6,FALSE) -> M | S85: =VLOOKUP(A85,vlookup_table!$A:$G,7,FALSE) -> 6 | T85: =97-LEFT(P85,2)-IF(RIGHT(P85,2)>6,1,0) -> 54 | U85: =IF(LEFT(Q85,1)="C","Ciudad",IF(LEFT(Q85,1)="T","Pueblo",IF(LEFT(Q85,1)="R","Rural",IF(LEFT(Q85,1)="S","Suburbano",IF(LEFT(Q85,1)="U","Urbano",""))))) -> Rural
A86: 60512 | B86: IL | D86: 1055 | E86: 366 | F86: 400 | G86: 0 | H86: 11289 | I86: 8 | J86: 74 | K86: 462 | L86: 379 | M86: 20.8 | N86: =VLOOKUP(A86,vlookup_table!$A:$G,2,FALSE) -> 2 | O86: =VLOOKUP(A86,vlookup_table!$A:$G,3,FALSE) -> IL | P86: =VLOOKUP(A86,vlookup_table!$A:$G,4,FALSE) -> 2801 | Q86: =VLOOKUP(A86,vlookup_table!$A:$G,5,FALSE) -> S2 | R86: =VLOOKUP(A86,vlookup_table!$A:$G,6,FALSE) | S86: =VLOOKUP(A86,vlookup_table!$A:$G,7,FALSE) -> 25 | T86: =97-LEFT(P86,2)-IF(RIGHT(P86,2)>6,1,0) -> 68 | U86: =IF(LEFT(Q86,1)="C","Ciudad",IF(LEFT(Q86,1)="T","Pueblo",IF(LEFT(Q86,1)="R","Rural",IF(LEFT(Q86,1)="S","Suburbano",IF(LEFT(Q86,1)="U","Urbano",""))))) -> Suburbano
A87: 90480 | B87: IL | C87: F | D87: 1509 | E87: 545 | F87: 680 | G87: 19 | H87: 23170 | I87: 7 | J87: 75 | K87: 617 | L87: 599 | M87: 9 | N87: =VLOOKUP(A87,vlookup_table!$A:$G,2,FALSE) -> 0 | O87: =VLOOKUP(A87,vlookup_table!$A:$G,3,FALSE) -> IL | P87: =VLOOKUP(A87,vlookup_table!$A:$G,4,FALSE) -> 4201 | Q87: =VLOOKUP(A87,vlookup_table!$A:$G,5,FALSE) -> C1 | R87: =VLOOKUP(A87,vlookup_table!$A:$G,6,FALSE) -> F | S87: =VLOOKUP(A87,vlookup_table!$A:$G,7,FALSE) -> 11 | T87: =97-LEFT(P87,2)-IF(RIGHT(P87,2)>6,1,0) -> 54 | U87: =IF(LEFT(Q87,1)="C","Ciudad",IF(LEFT(Q87,1)="T","Pueblo",IF(LEFT(Q87,1)="R","Rural",IF(LEFT(Q87,1)="S","Suburbano",IF(LEFT(Q87,1)="U","Urbano",""))))) -> Ciudad
A88: 148911 | B88: CL | C88: F | D88: 1953 | E88: 454 | F88: 564 | G88: 47 | H88: 21667 | I88: 11 | J88: 47 | K88: 526 | L88: 478 | M88: 15.5 | N88: =VLOOKUP(A88,vlookup_table!$A:$G,2,FALSE) -> 28 | O88: =VLOOKUP(A88,vlookup_table!$A:$G,3,FALSE) -> CA | P88: =VLOOKUP(A88,vlookup_table!$A:$G,4,FALSE) -> 7201 | Q88: =VLOOKUP(A88,vlookup_table!$A:$G,5,FALSE) -> C2 | R88: =VLOOKUP(A88,vlookup_table!$A:$G,6,FALSE) -> F | S88: =VLOOKUP(A88,vlookup_table!$A:$G,7,FALSE) -> 10 | T88: =97-LEFT(P88,2)-IF(RIGHT(P88,2)>6,1,0) -> 24 | U88: =IF(LEFT(Q88,1)="C","Ciudad",IF(LEFT(Q88,1)="T","Pueblo",IF(LEFT(Q88,1)="R","Rural",IF(LEFT(Q88,1)="S","Suburbano",IF(LEFT(Q88,1)="U","Urbano",""))))) -> Ciudad
A89: 52990 | B89: TN | C89: M | D89: 927 | E89: 299 | F89: 410 | G89: 1 | H89: 14428 | I89: 1 | J89: 56 | K89: 322 | L89: 372 | M89: 5 | N89: =VLOOKUP(A89,vlookup_table!$A:$G,2,FALSE) -> 1002 | O89: =VLOOKUP(A89,vlookup_table!$A:$G,3,FALSE) -> TN | P89: =VLOOKUP(A89,vlookup_table!$A:$G,4,FALSE) -> 3801 | Q89: =VLOOKUP(A89,vlookup_table!$A:$G,5,FALSE) -> T2 | R89: =VLOOKUP(A89,vlookup_table!$A:$G,6,FALSE) -> M | S89: =VLOOKUP(A89,vlookup_table!$A:$G,7,FALSE) -> 26 | T89: =97-LEFT(P89,2)-IF(RIGHT(P89,2)>6,1,0) -> 58 | U89: =IF(LEFT(Q89,1)="C","Ciudad",IF(LEFT(Q89,1)="T","Pueblo",IF(LEFT(Q89,1)="R","Rural",IF(LEFT(Q89,1)="S","Suburbano",IF(LEFT(Q89,1)="U","Urbano",""))))) -> Pueblo
A90: 148022 | B90: CL | C90: F | D90: 2098 | E90: 305 | F90: 368 | G90: 56 | H90: 13564 | I90: 56 | J90: 25 | K90: 311 | L90: 352 | M90: 6.0769231 | N90: =VLOOKUP(A90,vlookup_table!$A:$G,2,FALSE) -> 0 | O90: =VLOOKUP(A90,vlookup_table!$A:$G,3,FALSE) -> CA | P90: =VLOOKUP(A90,vlookup_table!$A:$G,4,FALSE) -> 4608 | Q90: =VLOOKUP(A90,vlookup_table!$A:$G,5,FALSE) -> U2 | R90: =VLOOKUP(A90,vlookup_table!$A:$G,6,FALSE) -> F | S90: =VLOOKUP(A90,vlookup_table!$A:$G,7,FALSE) -> 10 | T90: =97-LEFT(P90,2)-IF(RIGHT(P90,2)>6,1,0) -> 50 | U90: =IF(LEFT(Q90,1)="C","Ciudad",IF(LEFT(Q90,1)="T","Pueblo",IF(LEFT(Q90,1)="R","Rural",IF(LEFT(Q90,1)="S","Suburbano",IF(LEFT(Q90,1)="U","Urbano",""))))) -> Urbano
A91: 147406 | B91: CL | C91: M | D91: 5209 | E91: 1054 | F91: 1128 | G91: 99 | H91: 52654 | I91: 7 | J91: 47 | K91: 1220 | L91: 1058 | M91: 30.941176 | N91: =VLOOKUP(A91,vlookup_table!$A:$G,2,FALSE) -> 1002 | O91: =VLOOKUP(A91,vlookup_table!$A:$G,3,FALSE) -> CA | P91: =VLOOKUP(A91,vlookup_table!$A:$G,4,FALSE) -> 2801 | Q91: =VLOOKUP(A91,vlookup_table!$A:$G,5,FALSE) -> U1 | R91: =VLOOKUP(A91,vlookup_table!$A:$G,6,FALSE) -> M | S91: =VLOOKUP(A91,vlookup_table!$A:$G,7,FALSE) -> 38 | T91: =97-LEFT(P91,2)-IF(RIGHT(P91,2)>6,1,0) -> 68 | U91: =IF(LEFT(Q91,1)="C","Ciudad",IF(LEFT(Q91,1)="T","Pueblo",IF(LEFT(Q91,1)="R","Rural",IF(LEFT(Q91,1)="S","Suburbano",IF(LEFT(Q91,1)="U","Urbano",""))))) -> Urbano
A92: 103468 | B92: MO | C92: F | D92: 476 | E92: 219 | F92: 319 | G92: 0 | H92: 10966 | I92: 1 | J92: 74 | K92: 280 | L92: 272 | M92: 7.1 | N92: =VLOOKUP(A92,vlookup_table!$A:$G,2,FALSE) -> 0 | O92: =VLOOKUP(A92,vlookup_table!$A:$G,3,FALSE) -> MO | P92: =VLOOKUP(A92,vlookup_table!$A:$G,4,FALSE) -> 4103 | Q92: =VLOOKUP(A92,vlookup_table!$A:$G,5,FALSE) -> T2 | R92: =VLOOKUP(A92,vlookup_table!$A:$G,6,FALSE) -> F | S92: =VLOOKUP(A92,vlookup_table!$A:$G,7,FALSE) -> 15 | T92: =97-LEFT(P92,2)-IF(RIGHT(P92,2)>6,1,0) -> 55 | U92: =IF(LEFT(Q92,1)="C","Ciudad",IF(LEFT(Q92,1)="T","Pueblo",IF(LEFT(Q92,1)="R","Rural",IF(LEFT(Q92,1)="S","Suburbano",IF(LEFT(Q92,1)="U","Urbano",""))))) -> Pueblo
A93: 84100 | B93: MN | C93: M | D93: 1515 | E93: 648 | F93: 781 | G93: 17 | H93: 25787 | I93: 6 | J93: 63 | K93: 684 | L93: 717 | M93: 14 | N93: =VLOOKUP(A93,vlookup_table!$A:$G,2,FALSE) -> 72 | O93: =VLOOKUP(A93,vlookup_table!$A:$G,3,FALSE) -> MN | P93: =VLOOKUP(A93,vlookup_table!$A:$G,4,FALSE) -> 3201 | Q93: =VLOOKUP(A93,vlookup_table!$A:$G,5,FALSE) -> S1 | R93: =VLOOKUP(A93,vlookup_table!$A:$G,6,FALSE) -> M | S93: =VLOOKUP(A93,vlookup_table!$A:$G,7,FALSE) -> 14 | T93: =97-LEFT(P93,2)-IF(RIGHT(P93,2)>6,1,0) -> 64 | U93: =IF(LEFT(Q93,1)="C","Ciudad",IF(LEFT(Q93,1)="T","Pueblo",IF(LEFT(Q93,1)="R","Rural",IF(LEFT(Q93,1)="S","Suburbano",IF(LEFT(Q93,1)="U","Urbano",""))))) -> Suburbano
A94: 137548 | B94: AZ | C94: M | D94: 2158 | E94: 411 | F94: 640 | G94: 54 | H94: 33235 | I94: 7 | J94: 12 | K94: 516 | L94: 535 | M94: 7.9333333 | N94: =VLOOKUP(A94,vlookup_table!$A:$G,2,FALSE) -> 0 | O94: =VLOOKUP(A94,vlookup_table!$A:$G,3,FALSE) -> AZ | P94: =VLOOKUP(A94,vlookup_table!$A:$G,4,FALSE) -> 2009 | Q94: =VLOOKUP(A94,vlookup_table!$A:$G,5,FALSE) -> C1 | R94: =VLOOKUP(A94,vlookup_table!$A:$G,6,FALSE) -> M | S94: =VLOOKUP(A94,vlookup_table!$A:$G,7,FALSE) -> 9 | T94: =97-LEFT(P94,2)-IF(RIGHT(P94,2)>6,1,0) -> 76 | U94: =IF(LEFT(Q94,1)="C","Ciudad",IF(LEFT(Q94,1)="T","Pueblo",IF(LEFT(Q94,1)="R","Rural",IF(LEFT(Q94,1)="S","Suburbano",IF(LEFT(Q94,1)="U","Urbano",""))))) -> Ciudad
A95: 6932 | B95: MO | C95: M | D95: 1110 | E95: 460 | F95: 624 | G95: 5 | H95: 21875 | I95: 2 | J95: 58 | K95: 544 | L95: 538 | M95: 7.2647059 | N95: =VLOOKUP(A95,vlookup_table!$A:$G,2,FALSE) -> 1 | O95: =VLOOKUP(A95,vlookup_table!$A:$G,3,FALSE) -> MO | P95: =VLOOKUP(A95,vlookup_table!$A:$G,4,FALSE) -> 1708 | Q95: =VLOOKUP(A95,vlookup_table!$A:$G,5,FALSE) -> S1 | R95: =VLOOKUP(A95,vlookup_table!$A:$G,6,FALSE) -> M | S95: =VLOOKUP(A95,vlookup_table!$A:$G,7,FALSE) -> 10 | T95: =97-LEFT(P95,2)-IF(RIGHT(P95,2)>6,1,0) -> 79 | U95: =IF(LEFT(Q95,1)="C","Ciudad",IF(LEFT(Q95,1)="T","Pueblo",IF(LEFT(Q95,1)="R","Rural",IF(LEFT(Q95,1)="S","Suburbano",IF(LEFT(Q95,1)="U","Urbano",""))))) -> Suburbano
A96: 37118 | B96: FL | D96: 581 | E96: 349 | F96: 373 | G96: 0 | H96: 9667 | I96: 19 | J96: 53 | K96: 361 | L96: 359 | M96: 9.8571429 | N96: =VLOOKUP(A96,vlookup_table!$A:$G,2,FALSE) -> 0 | O96: =VLOOKUP(A96,vlookup_table!$A:$G,3,FALSE) -> FL | P96: =VLOOKUP(A96,vlookup_table!$A:$G,4,FALSE) -> 2607 | Q96: =VLOOKUP(A96,vlookup_table!$A:$G,5,FALSE) -> S2 | R96: =VLOOKUP(A96,vlookup_table!$A:$G,6,FALSE) | S96: =VLOOKUP(A96,vlookup_table!$A:$G,7,FALSE) -> 15 | T96: =97-LEFT(P96,2)-IF(RIGHT(P96,2)>6,1,0) -> 70 | U96: =IF(LEFT(Q96,1)="C","Ciudad",IF(LEFT(Q96,1)="T","Pueblo",IF(LEFT(Q96,1)="R","Rural",IF(LEFT(Q96,1)="S","Suburbano",IF(LEFT(Q96,1)="U","Urbano",""))))) -> Suburbano
A97: 109179 | B97: LA | C97: M | D97: 563 | E97: 259 | F97: 342 | G97: 3 | H97: 10726 | I97: 1 | J97: 90 | K97: 301 | L97: 308 | M97: 10.181818 | N97: =VLOOKUP(A97,vlookup_table!$A:$G,2,FALSE) -> 0 | O97: =VLOOKUP(A97,vlookup_table!$A:$G,3,FALSE) -> LA | P97: =VLOOKUP(A97,vlookup_table!$A:$G,4,FALSE) -> 4201 | Q97: =VLOOKUP(A97,vlookup_table!$A:$G,5,FALSE) -> R2 | R97: =VLOOKUP(A97,vlookup_table!$A:$G,6,FALSE) -> M | S97: =VLOOKUP(A97,vlookup_table!$A:$G,7,FALSE) -> 14 | T97: =97-LEFT(P97,2)-IF(RIGHT(P97,2)>6,1,0) -> 54 | U97: =IF(LEFT(Q97,1)="C","Ciudad",IF(LEFT(Q97,1)="T","Pueblo",IF(LEFT(Q97,1)="R","Rural",IF(LEFT(Q97,1)="S","Suburbano",IF(LEFT(Q97,1)="U","Urbano",""))))) -> Rural
A98: 140642 | B98: NM | C98: F | D98: 740 | E98: 240 | F98: 324 | G98: 2 | H98: 10701 | I98: 9 | J98: 26 | K98: 288 | L98: 294 | M98: 5 | N98: =VLOOKUP(A98,vlookup_table!$A:$G,2,FALSE) -> 2 | O98: =VLOOKUP(A98,vlookup_table!$A:$G,3,FALSE) -> NM | P98: =VLOOKUP(A98,vlookup_table!$A:$G,4,FALSE) -> 2710 | Q98: =VLOOKUP(A98,vlookup_table!$A:$G,5,FALSE) -> T2 | R98: =VLOOKUP(A98,vlookup_table!$A:$G,6,FALSE) -> F | S98: =VLOOKUP(A98,vlookup_table!$A:$G,7,FALSE) -> 5 | T98: =97-LEFT(P98,2)-IF(RIGHT(P98,2)>6,1,0) -> 69 | U98: =IF(LEFT(Q98,1)="C","Ciudad",IF(LEFT(Q98,1)="T","Pueblo",IF(LEFT(Q98,1)="R","Rural",IF(LEFT(Q98,1)="S","Suburbano",IF(LEFT(Q98,1)="U","Urbano",""))))) -> Pueblo
A99: 77057 | B99: IA | C99: F | D99: 516 | E99: 332 | F99: 379 | G99: 0 | H99: 13293 | I99: 2 | J99: 75 | K99: 378 | L99: 347 | M99: 12.333333 | N99: =VLOOKUP(A99,vlookup_table!$A:$G,2,FALSE) -> 0 | O99: =VLOOKUP(A99,vlookup_table!$A:$G,3,FALSE) -> IA | P99: =VLOOKUP(A99,vlookup_table!$A:$G,4,FALSE) -> 3601 | Q99: =VLOOKUP(A99,vlookup_table!$A:$G,5,FALSE) -> S2 | R99: =VLOOKUP(A99,vlookup_table!$A:$G,6,FALSE) -> F | S99: =VLOOKUP(A99,vlookup_table!$A:$G,7,FALSE) -> 15 | T99: =97-LEFT(P99,2)-IF(RIGHT(P99,2)>6,1,0) -> 60 | U99: =IF(LEFT(Q99,1)="C","Ciudad",IF(LEFT(Q99,1)="T","Pueblo",IF(LEFT(Q99,1)="R","Rural",IF(LEFT(Q99,1)="S","Suburbano",IF(LEFT(Q99,1)="U","Urbano",""))))) -> Suburbano
A100: 83131 | B100: MN | C100: M | D100: 575 | E100: 249 | F100: 316 | G100: 0 | H100: 9843 | I100: 0 | J100: 86 | K100: 282 | L100: 290 | M100: 10 | N100: =VLOOKUP(A100,vlookup_table!$A:$G,2,FALSE) -> 1 | O100: =VLOOKUP(A100,vlookup_table!$A:$G,3,FALSE) -> MN | P100: =VLOOKUP(A100,vlookup_table!$A:$G,4,FALSE) -> 0 | Q100: =VLOOKUP(A100,vlookup_table!$A:$G,5,FALSE) -> R2 | R100: =VLOOKUP(A100,vlookup_table!$A:$G,6,FALSE) -> M | S100: =VLOOKUP(A100,vlookup_table!$A:$G,7,FALSE) -> 20 | T100: =97-LEFT(P100,2)-IF(RIGHT(P100,2)>6,1,0) -> 96 | U100: =IF(LEFT(Q100,1)="C","Ciudad",IF(LEFT(Q100,1)="T","Pueblo",IF(LEFT(Q100,1)="R","Rural",IF(LEFT(Q100,1)="S","Suburbano",IF(LEFT(Q100,1)="U","Urbano",""))))) -> Rural
A101: 168078 | B101: CL | C101: M | D101: 2357 | E101: 511 | F101: 609 | G101: 81 | H101: 23786 | I101: 26 | J101: 55 | K101: 540 | L101: 570 | M101: 13.666667 | N101: =VLOOKUP(A101,vlookup_table!$A:$G,2,FALSE) -> 1 | O101: =VLOOKUP(A101,vlookup_table!$A:$G,3,FALSE) -> CA | P101: =VLOOKUP(A101,vlookup_table!$A:$G,4,FALSE) -> 3501 | Q101: =VLOOKUP(A101,vlookup_table!$A:$G,5,FALSE) -> S1 | R101: =VLOOKUP(A101,vlookup_table!$A:$G,6,FALSE) -> M | S101: =VLOOKUP(A101,vlookup_table!$A:$G,7,FALSE) -> 19 | T101: =97-LEFT(P101,2)-IF(RIGHT(P101,2)>6,1,0) -> 61 | U101: =IF(LEFT(Q101,1)="C","Ciudad",IF(LEFT(Q101,1)="T","Pueblo",IF(LEFT(Q101,1)="R","Rural",IF(LEFT(Q101,1)="S","Suburbano",IF(LEFT(Q101,1)="U","Urbano",""))))) -> Suburbano
A102: 32975 | B102: SC | C102: M | D102: 645 | E102: 304 | F102: 376 | G102: 0 | H102: 6826 | I102: 3 | J102: 15 | K102: 360 | L102: 306 | M102: 10.875 | N102: =VLOOKUP(A102,vlookup_table!$A:$G,2,FALSE) -> 1 | O102: =VLOOKUP(A102,vlookup_table!$A:$G,3,FALSE) -> SC | P102: =VLOOKUP(A102,vlookup_table!$A:$G,4,FALSE) -> 5908 | Q102: =VLOOKUP(A102,vlookup_table!$A:$G,5,FALSE) -> S2 | R102: =VLOOKUP(A102,vlookup_table!$A:$G,6,FALSE) -> M | S102: =VLOOKUP(A102,vlookup_table!$A:$G,7,FALSE) -> 25 | T102: =97-LEFT(P102,2)-IF(RIGHT(P102,2)>6,1,0) -> 37 | U102: =IF(LEFT(Q102,1)="C","Ciudad",IF(LEFT(Q102,1)="T","Pueblo",IF(LEFT(Q102,1)="R","Rural",IF(LEFT(Q102,1)="S","Suburbano",IF(LEFT(Q102,1)="U","Urbano",""))))) -> Suburbano
A103: 37472 | B103: FL | C103: M | D103: 825 | E103: 233 | F103: 301 | G103: 0 | H103: 9747 | I103: 63 | J103: 21 | K103: 239 | L103: 290 | M103: 20 | N103: =VLOOKUP(A103,vlookup_table!$A:$G,2,FALSE) -> 1 | O103: =VLOOKUP(A103,vlookup_table!$A:$G,3,FALSE) -> FL | P103: =VLOOKUP(A103,vlookup_table!$A:$G,4,FALSE) -> 0 | Q103: =VLOOKUP(A103,vlookup_table!$A:$G,5,FALSE) -> C3 | R103: =VLOOKUP(A103,vlookup_table!$A:$G,6,FALSE) -> M | S103: =VLOOKUP(A103,vlookup_table!$A:$G,7,FALSE) -> 20 | T103: =97-LEFT(P103,2)-IF(RIGHT(P103,2)>6,1,0) -> 96 | U103: =IF(LEFT(Q103,1)="C","Ciudad",IF(LEFT(Q103,1)="T","Pueblo",IF(LEFT(Q103,1)="R","Rural",IF(LEFT(Q103,1)="S","Suburbano",IF(LEFT(Q103,1)="U","Urbano",""))))) -> Ciudad
A104: 63113 | B104: IN | C104: M | D104: 531 | E104: 246 | F104: 290 | G104: 0 | H104: 10423 | I104: 2 | J104: 70 | K104: 278 | L104: 272 | M104: 5.375 | N104: =VLOOKUP(A104,vlookup_table!$A:$G,2,FALSE) -> 0 | O104: =VLOOKUP(A104,vlookup_table!$A:$G,3,FALSE) -> IN | P104: =VLOOKUP(A104,vlookup_table!$A:$G,4,FALSE) -> 2805 | Q104: =VLOOKUP(A104,vlookup_table!$A:$G,5,FALSE) -> T2 | R104: =VLOOKUP(A104,vlookup_table!$A:$G,6,FALSE) -> M | S104: =VLOOKUP(A104,vlookup_table!$A:$G,7,FALSE) -> 5 | T104: =97-LEFT(P104,2)-IF(RIGHT(P104,2)>6,1,0) -> 68 | U104: =IF(LEFT(Q104,1)="C","Ciudad",IF(LEFT(Q104,1)="T","Pueblo",IF(LEFT(Q104,1)="R","Rural",IF(LEFT(Q104,1)="S","Suburbano",IF(LEFT(Q104,1)="U","Urbano",""))))) -> Pueblo
A105: 57039 | B105: KY | C105: F | D105: 195 | E105: 131 | F105: 179 | G105: 0 | H105: 5727 | I105: 0 | J105: 94 | K105: 148 | L105: 159 | M105: 4.3023256 | N105: =VLOOKUP(A105,vlookup_table!$A:$G,2,FALSE) -> 0 | O105: =VLOOKUP(A105,vlookup_table!$A:$G,3,FALSE) -> KY | P105: =VLOOKUP(A105,vlookup_table!$A:$G,4,FALSE) -> 2911 | Q105: =VLOOKUP(A105,vlookup_table!$A:$G,5,FALSE) -> R3 | R105: =VLOOKUP(A105,vlookup_table!$A:$G,6,FALSE) -> F | S105: =VLOOKUP(A105,vlookup_table!$A:$G,7,FALSE) -> 5 | T105: =97-LEFT(P105,2)-IF(RIGHT(P105,2)>6,1,0) -> 67 | U105: =IF(LEFT(Q105,1)="C","Ciudad",IF(LEFT(Q105,1)="T","Pueblo",IF(LEFT(Q105,1)="R","Rural",IF(LEFT(Q105,1)="S","Suburbano",IF(LEFT(Q105,1)="U","Urbano",""))))) -> Rural
A106: 58786 | B106: KY | C106: F | D106: 423 | E106: 293 | F106: 279 | G106: 0 | H106: 10343 | I106: 0 | J106: 82 | K106: 297 | L106: 274 | M106: 6.0555556 | N106: =VLOOKUP(A106,vlookup_table!$A:$G,2,FALSE) -> 0 | O106: =VLOOKUP(A106,vlookup_table!$A:$G,3,FALSE) -> KY | P106: =VLOOKUP(A106,vlookup_table!$A:$G,4,FALSE) -> 2701 | Q106: =VLOOKUP(A106,vlookup_table!$A:$G,5,FALSE) -> R2 | R106: =VLOOKUP(A106,vlookup_table!$A:$G,6,FALSE) -> F | S106: =VLOOKUP(A106,vlookup_table!$A:$G,7,FALSE) -> 20 | T106: =97-LEFT(P106,2)-IF(RIGHT(P106,2)>6,1,0) -> 69 | U106: =IF(LEFT(Q106,1)="C","Ciudad",IF(LEFT(Q106,1)="T","Pueblo",IF(LEFT(Q106,1)="R","Rural",IF(LEFT(Q106,1)="S","Suburbano",IF(LEFT(Q106,1)="U","Urbano",""))))) -> Rural
A107: 164306 | B107: CL | C107: F | D107: 2725 | E107: 629 | F107: 734 | G107: 83 | H107: 24424 | I107: 9 | J107: 51 | K107: 684 | L107: 662 | M107: 15 | N107: =VLOOKUP(A107,vlookup_table!$A:$G,2,FALSE) -> 0 | O107: =VLOOKUP(A107,vlookup_table!$A:$G,3,FALSE) -> CA | P107: =VLOOKUP(A107,vlookup_table!$A:$G,4,FALSE) -> 0 | Q107: =VLOOKUP(A107,vlookup_table!$A:$G,5,FALSE) -> S2 | R107: =VLOOKUP(A107,vlookup_table!$A:$G,6,FALSE) -> F | S107: =VLOOKUP(A107,vlookup_table!$A:$G,7,FALSE) -> 30 | T107: =97-LEFT(P107,2)-IF(RIGHT(P107,2)>6,1,0) -> 96 | U107: =IF(LEFT(Q107,1)="C","Ciudad",IF(LEFT(Q107,1)="T","Pueblo",IF(LEFT(Q107,1)="R","Rural",IF(LEFT(Q107,1)="S","Suburbano",IF(LEFT(Q107,1)="U","Urbano",""))))) -> Suburbano
A108: 113129 | B108: OK | C108: F | D108: 359 | E108: 220 | F108: 299 | G108: 0 | H108: 13024 | I108: 0 | J108: 64 | K108: 247 | L108: 270 | M108: 20 | N108: =VLOOKUP(A108,vlookup_table!$A:$G,2,FALSE) -> 0 | O108: =VLOOKUP(A108,vlookup_table!$A:$G,3,FALSE) -> OK | P108: =VLOOKUP(A108,vlookup_table!$A:$G,4,FALSE) -> 1501 | Q108: =VLOOKUP(A108,vlookup_table!$A:$G,5,FALSE) -> S1 | R108: =VLOOKUP(A108,vlookup_table!$A:$G,6,FALSE) -> F | S108: =VLOOKUP(A108,vlookup_table!$A:$G,7,FALSE) -> 20 | T108: =97-LEFT(P108,2)-IF(RIGHT(P108,2)>6,1,0) -> 81 | U108: =IF(LEFT(Q108,1)="C","Ciudad",IF(LEFT(Q108,1)="T","Pueblo",IF(LEFT(Q108,1)="R","Rural",IF(LEFT(Q108,1)="S","Suburbano",IF(LEFT(Q108,1)="U","Urbano",""))))) -> Suburbano
... A131: 18089 | B131: NC | C131: M | D131: 994 | E131: 404 | F131: 530 | G131: 2 | H131: 17420 | I131: 1 | J131: 70 | K131: 475 | L131: 485 | M131: 13.777778 | N131: =VLOOKUP(A131,vlookup_table!$A:$G,2,FALSE) -> 2 | O131: =VLOOKUP(A131,vlookup_table!$A:$G,3,FALSE) -> NC | P131: =VLOOKUP(A131,vlookup_table!$A:$G,4,FALSE) -> 5001 | Q131: =VLOOKUP(A131,vlookup_table!$A:$G,5,FALSE) -> C1 | R131: =VLOOKUP(A131,vlookup_table!$A:$G,6,FALSE) -> M | S131: =VLOOKUP(A131,vlookup_table!$A:$G,7,FALSE) -> 25 | T131: =97-LEFT(P131,2)-IF(RIGHT(P131,2)>6,1,0) -> 46 | U131: =IF(LEFT(Q131,1)="C","Ciudad",IF(LEFT(Q131,1)="T","Pueblo",IF(LEFT(Q131,1)="R","Rural",IF(LEFT(Q131,1)="S","Suburbano",IF(LEFT(Q131,1)="U","Urbano",""))))) -> Ciudad
A132: 35276 | B132: FL | D132: 3542 | E132: 642 | F132: 843 | G132: 76 | H132: 53131 | I132: 3 | J132: 31 | K132: 690 | L132: 807 | M132: 6.6428571 | N132: =VLOOKUP(A132,vlookup_table!$A:$G,2,FALSE) -> 2 | O132: =VLOOKUP(A132,vlookup_table!$A:$G,3,FALSE) -> FL | P132: =VLOOKUP(A132,vlookup_table!$A:$G,4,FALSE) -> 1701 | Q132: =VLOOKUP(A132,vlookup_table!$A:$G,5,FALSE) -> C1 | R132: =VLOOKUP(A132,vlookup_table!$A:$G,6,FALSE) | S132: =VLOOKUP(A132,vlookup_table!$A:$G,7,FALSE) -> 10 | T132: =97-LEFT(P132,2)-IF(RIGHT(P132,2)>6,1,0) -> 79 | U132: =IF(LEFT(Q132,1)="C","Ciudad",IF(LEFT(Q132,1)="T","Pueblo",IF(LEFT(Q132,1)="R","Rural",IF(LEFT(Q132,1)="S","Suburbano",IF(LEFT(Q132,1)="U","Urbano",""))))) -> Ciudad
A133: 18607 | B133: NC | C133: M | D133: 797 | E133: 377 | F133: 451 | G133: 2 | H133: 16163 | I133: 0 | J133: 74 | K133: 418 | L133: 423 | M133: 7.7692308 | N133: =VLOOKUP(A133,vlookup_table!$A:$G,2,FALSE) -> 1 | O133: =VLOOKUP(A133,vlookup_table!$A:$G,3,FALSE) -> NC | P133: =VLOOKUP(A133,vlookup_table!$A:$G,4,FALSE) -> 6001 | Q133: =VLOOKUP(A133,vlookup_table!$A:$G,5,FALSE) -> T2 | R133: =VLOOKUP(A133,vlookup_table!$A:$G,6,FALSE) -> M | S133: =VLOOKUP(A133,vlookup_table!$A:$G,7,FALSE) -> 23 | T133: =97-LEFT(P133,2)-IF(RIGHT(P133,2)>6,1,0) -> 36 | U133: =IF(LEFT(Q133,1)="C","Ciudad",IF(LEFT(Q133,1)="T","Pueblo",IF(LEFT(Q133,1)="R","Rural",IF(LEFT(Q133,1)="S","Suburbano",IF(LEFT(Q133,1)="U","Urbano",""))))) -> Pueblo
A134: 61275 | B134: IN | C134: M | D134: 791 | E134: 361 | F134: 428 | G134: 1 | H134: 13805 | I134: 1 | J134: 74 | K134: 407 | L134: 390 | M134: 7.6363636 | N134: =VLOOKUP(A134,vlookup_table!$A:$G,2,FALSE) -> 1 | O134: =VLOOKUP(A134,vlookup_table!$A:$G,3,FALSE) -> IN | P134: =VLOOKUP(A134,vlookup_table!$A:$G,4,FALSE) -> 4801 | Q134: =VLOOKUP(A134,vlookup_table!$A:$G,5,FALSE) -> T2 | R134: =VLOOKUP(A134,vlookup_table!$A:$G,6,FALSE) -> M | S134: =VLOOKUP(A134,vlookup_table!$A:$G,7,FALSE) -> 12 | T134: =97-LEFT(P134,2)-IF(RIGHT(P134,2)>6,1,0) -> 48 | U134: =IF(LEFT(Q134,1)="C","Ciudad",IF(LEFT(Q134,1)="T","Pueblo",IF(LEFT(Q134,1)="R","Rural",IF(LEFT(Q134,1)="S","Suburbano",IF(LEFT(Q134,1)="U","Urbano",""))))) -> Pueblo
A135: 36141 | B135: FL | C135: F | D135: 957 | E135: 408 | F135: 459 | G135: 16 | H135: 17718 | I135: 5 | J135: 17 | K135: 399 | L135: 450 | M135: 15 | N135: =VLOOKUP(A135,vlookup_table!$A:$G,2,FALSE) -> 28 | O135: =VLOOKUP(A135,vlookup_table!$A:$G,3,FALSE) -> FL | P135: =VLOOKUP(A135,vlookup_table!$A:$G,4,FALSE) -> 2805 | Q135: =VLOOKUP(A135,vlookup_table!$A:$G,5,FALSE) -> C1 | R135: =VLOOKUP(A135,vlookup_table!$A:$G,6,FALSE) -> F | S135: =VLOOKUP(A135,vlookup_table!$A:$G,7,FALSE) -> 10 | T135: =97-LEFT(P135,2)-IF(RIGHT(P135,2)>6,1,0) -> 68 | U135: =IF(LEFT(Q135,1)="C","Ciudad",IF(LEFT(Q135,1)="T","Pueblo",IF(LEFT(Q135,1)="R","Rural",IF(LEFT(Q135,1)="S","Suburbano",IF(LEFT(Q135,1)="U","Urbano",""))))) -> Ciudad
A136: 85716 | B136: MN | C136: F | D136: 357 | E136: 164 | F136: 254 | G136: 0 | H136: 8443 | I136: 1 | J136: 78 | K136: 214 | L136: 215 | M136: 25 | N136: =VLOOKUP(A136,vlookup_table!$A:$G,2,FALSE) -> 0 | O136: =VLOOKUP(A136,vlookup_table!$A:$G,3,FALSE) -> MN | P136: =VLOOKUP(A136,vlookup_table!$A:$G,4,FALSE) -> 2401 | Q136: =VLOOKUP(A136,vlookup_table!$A:$G,5,FALSE) -> R3 | R136: =VLOOKUP(A136,vlookup_table!$A:$G,6,FALSE) -> F | S136: =VLOOKUP(A136,vlookup_table!$A:$G,7,FALSE) -> 25 | T136: =97-LEFT(P136,2)-IF(RIGHT(P136,2)>6,1,0) -> 72 | U136: =IF(LEFT(Q136,1)="C","Ciudad",IF(LEFT(Q136,1)="T","Pueblo",IF(LEFT(Q136,1)="R","Rural",IF(LEFT(Q136,1)="S","Suburbano",IF(LEFT(Q136,1)="U","Urbano",""))))) -> Rural
...

Sheet vlookup_table
A1: CONTROLN | B1: TCODE | C1: STATE | D1: DOB | E1: DOMAIN | F1: GENDER | G1: TARGET_D
A2: 44060 | B2: 1 | C2: FL | D2: 1901 | E2: C2 | F2: M | G2: 100
A3: 96093 | B3: 0 | C3: IL | D3: 0 | E3: T2 | F3: M | G3: 7
A4: 43333 | B4: 0 | C4: FL | D4: 2501 | E4: C2 | F4: F | G4: 5
A5: 21885 | B5: 0 | C5: NC | D5: 2208 | E5: T2 | F5: M | G5: 38
A6: 190108 | B6: 28 | C6: FL | D6: 0 | E6: C2 | F6: F | G6: 5
A7: 100640 | B7: 1 | C7: IL | D7: 6104 | E7: S2 | F7: M | G7: 30
A8: 18581 | B8: 0 | C8: NC | D8: 4407 | E8: R2 | F8: F | G8: 12
A9: 119038 | B9: 1002 | C9: TX | D9: 0 | E9: C1 | F9: M | G9: 7
A10: 173223 | B10: 0 | C10: CA | D10: 1801 | E10: T2 | F10: F | G10: 10
A11: 157988 | B11: 28 | C11: CA | D11: 0 | E11: S1 | F11: F | G11: 10
A12: 141720 | B12: 28 | C12: NV | D12: 5401 | E12: T1 | F12: F | G12: 5
A13: 186272 | B13: 2 | C13: CA | D13: 3401 | E13: U1 | F13: F | G13: 10
A14: 154301 | B14: 2 | C14: CA | D14: 2801 | E14: T2 | F14: F | G14: 10
A15: 189722 | B15: 1 | C15: AP | D15: 0 | F15: M | G15: 6
A16: 188304 | B16: 0 | C16: KS | D16: 2405 | E16: T2 | F16: F | G16: 10
A17: 73699 | B17: 1 | C17: MI | D17: 5102 | E17: S1 | G17: 15
A18: 31977 | B18: 2 | C18: FL | D18: 2701 | E18: T1 | F18: F | G18: 28
A19: 44336 | B19: 0 | C19: FL | D19: 6501 | E19: C2 | F19: F | G19: 15
A20: 127823 | B20: 2 | C20: TX | D20: 2301 | E20: C3 | F20: F | G20: 6
A21: 150739 | B21: 2 | C21: CA | D21: 5410 | E21: S1 | F21: U | G21: 12
A22: 41384 | B22: 28 | C22: FL | D22: 5107 | E22: S3 | F22: F | G22: 12
A23: 114721 | B23: 0 | C23: OK | D23: 0 | E23: C2 | G23: 15
A24: 111795 | B24: 0 | C24: AR | D24: 0 | G24: 5
A25: 64480 | B25: 28 | C25: IN | D25: 0 | E25: T2 | F25: F | G25: 10
A26: 87259 | B26: 2 | C26: MT | D26: 4304 | E26: C1 | F26: M | G26: 25
A27: 115823 | B27: 0 | C27: TX | D27: 0 | E27: S1 | F27: M | G27: 15
A28: 95701 | B28: 1 | C28: IL | D28: 4406 | E28: S2 | F28: M | G28: 5
A29: 5172 | B29: 1 | C29: IL | D29: 6105 | E29: R3 | F29: M | G29: 10
A30: 152486 | B30: 1 | C30: CA | D30: 2401 | E30: S2 | F30: M | G30: 5
A31: 153880 | B31: 2 | C31: WI | D31: 5001 | E31: S1 | F31: F | G31: 5
A32: 101855 | B32: 1 | C32: MO | D32: 2401 | E32: C2 | F32: M | G32: 10
A33: 62932 | B33: 1 | C33: IN | D33: 0 | E33: S3 | F33: M | G33: 10
A34: 125930 | B34: 0 | C34: TX | D34: 4806 | E34: R2 | F34: F | G34: 75
A35: 173653 | B35: 28 | C35: HI | D35: 2401 | E35: C2 | F35: F | G35: 21
A36: 11011 | B36: 1002 | C36: FL | D36: 2601 | E36: S3 | F36: M | G36: 20
... A43: 133806 | B43: 0 | C43: ID | D43: 0 | E43: T2 | F43: U | G43: 15
A44: 112632 | B44: 2 | C44: CT | D44: 5001 | F44: M | G44: 11
A45: 143253 | B45: 0 | C45: CA | D45: 2101 | E45: U3 | F45: F | G45: 5
A46: 403 | B46: 0 | C46: AL | D46: 3901 | F46: J | G46: 35
A47: 189882 | B47: 0 | C47: ND | D47: 4201 | E47: C2 | F47: F | G47: 10
A48: 119570 | B48: 1 | C48: TX | D48: 5201 | E48: S1 | F48: M | G48: 10
A49: 144021 | B49: 0 | C49: CA | D49: 4903 | E49: U4 | F49: F | G49: 15
A50: 93356 | B50: 0 | C50: IL | D50: 3705 | E50: U2 | F50: F | G50: 25
A51: 24711 | B51: 0 | C51: SC | D51: 0 | E51: T2 | F51: F | G51: 10
A52: 74914 | B52: 0 | C52: IA | D52: 1501 | E52: T2 | F52: F | G52: 6
A53: 6909 | B53: 1 | C53: CO | D53: 2801 | E53: R3 | F53: M | G53: 15
A54: 124543 | B54: 1002 | C54: TX | D54: 5811 | E54: T1 | F54: M | G54: 18
A55: 163018 | B55: 1 | C55: CA | D55: 0 | E55: U1 | F55: M | G55: 24
A56: 190671 | B56: 0 | C56: CA | D56: 1901 | G56: 14
A57: 33356 | B57: 0 | C57: FL | D57: 1401 | E57: S1 | F57: F | G57: 20
A58: 151600 | B58: 1 | C58: CA | D58: 6601 | E58: S2 | F58: M | G58: 21
A59: 21259 | B59: 0 | C59: NC | D59: 4001 | E59: C2 | F59: F | G59: 15
A60: 128987 | B60: 28 | C60: TX | D60: 3912 | E60: U1 | F60: F | G60: 41
A61: 108926 | B61: 1 | C61: LA | D61: 2601 | E61: T2 | F61: M | G61: 20
A62: 154709 | B62: 0 | C62: CA | D62: 0 | E62: S2 | F62: F | G62: 5
A63: 108050 | B63: 0 | C63: LA | D63: 1401 | E63: T1 | F63: F | G63: 16
A64: 187274 | B64: 0 | C64: IA | D64: 0 | E64: R2 | F64: F | G64: 15
A65: 171655 | B65: 0 | C65: CA | D65: 0 | E65: S3 | F65: F | G65: 12
A66: 160488 | B66: 0 | C66: OR | D66: 0 | E66: C2 | F66: M | G66: 10
A67: 21305 | B67: 1 | C67: NC | D67: 5601 | E67: R2 | F67: M | G67: 10
A68: 98470 | B68: 2 | C68: IL | D68: 1108 | E68: T2 | F68: F | G68: 14
... A78: 148969 | B78: 0 | C78: CA | D78: 0 | E78: C1 | F78: F | G78: 10
A79: 156324 | B79: 0 | C79: CA | D79: 0 | E79: S1 | G79: 15
A80: 130976 | B80: 2 | C80: CO | D80: 1412 | E80: C2 | F80: F | G80: 7
A81: 140141 | B81: 0 | C81: NM | D81: 4401 | E81: R2 | F81: F | G81: 14
A82: 85416 | B82: 0 | C82: CA | D82: 0 | E82: C2 | F82: F | G82: 25
A83: 108150 | B83: 2 | C83: LA | D83: 6312 | E83: S1 | F83: F | G83: 20
A84: 129823 | B84: 1002 | C84: CO | D84: 5601 | E84: S1 | F84: M | G84: 10
A85: 104413 | B85: 1 | C85: AZ | D85: 4201 | E85: R2 | F85: M | G85: 6
A86: 60512 | B86: 2 | C86: IL | D86: 2801 | E86: S2 | G86: 25
A87: 90480 | B87: 0 | C87: IL | D87: 4201 | E87: C1 | F87: F | G87: 11
A88: 148911 | B88: 28 | C88: CA | D88: 7201 | E88: C2 | F88: F | G88: 10
A89: 52990 | B89: 1002 | C89: TN | D89: 3801 | E89: T2 | F89: M | G89: 26
A90: 148022 | B90: 0 | C90: CA | D90: 4608 | E90: U2 | F90: F | G90: 10
A91: 147406 | B91: 1002 | C91: CA | D91: 2801 | E91: U1 | F91: M | G91: 38
A92: 103468 | B92: 0 | C92: MO | D92: 4103 | E92: T2 | F92: F | G92: 15
A93: 84100 | B93: 72 | C93: MN | D93: 3201 | E93: S1 | F93: M | G93: 14
A94: 137548 | B94: 0 | C94: AZ | D94: 2009 | E94: C1 | F94: M | G94: 9
A95: 6932 | B95: 1 | C95: MO | D95: 1708 | E95: S1 | F95: M | G95: 10
A96: 37118 | B96: 0 | C96: FL | D96: 2607 | E96: S2 | G96: 15
A97: 109179 | B97: 0 | C97: LA | D97: 4201 | E97: R2 | F97: M | G97: 14
A98: 140642 | B98: 2 | C98: NM | D98: 2710 | E98: T2 | F98: F | G98: 5
A99: 77057 | B99: 0 | C99: IA | D99: 3601 | E99: S2 | F99: F | G99: 15
A100: 83131 | B100: 1 | C100: MN | D100: 0 | E100: R2 | F100: M | G100: 20
A101: 168078 | B101: 1 | C101: CA | D101: 3501 | E101: S1 | F101: M | G101: 19
A102: 32975 | B102: 1 | C102: SC | D102: 5908 | E102: S2 | F102: M | G102: 25
A103: 37472 | B103: 1 | C103: FL | D103: 0 | E103: C3 | F103: M | G103: 20
A104: 63113 | B104: 0 | C104: IN | D104: 2805 | E104: T2 | F104: M | G104: 5
A105: 57039 | B105: 0 | C105: KY | D105: 2911 | E105: R3 | F105: F | G105: 5
A106: 58786 | B106: 0 | C106: KY | D106: 2701 | E106: R2 | F106: F | G106: 20
A107: 164306 | B107: 0 | C107: CA | D107: 0 | E107: S2 | F107: F | G107: 30
A108: 113129 | B108: 0 | C108: OK | D108: 1501 | E108: S1 | F108: F | G108: 20
... A131: 18089 | B131: 2 | C131: NC | D131: 5001 | E131: C1 | F131: M | G131: 25
A132: 35276 | B132: 2 | C132: FL | D132: 1701 | E132: C1 | G132: 10
A133: 18607 | B133: 1 | C133: NC | D133: 6001 | E133: T2 | F133: M | G133: 23
A134: 61275 | B134: 1 | C134: IN | D134: 4801 | E134: T2 | F134: M | G134: 12
A135: 36141 | B135: 28 | C135: FL | D135: 2805 | E135: C1 | F135: F | G135: 10
A136: 85716 | B136: 0 | C136: MN | D136: 2401 | E136: R3 | F136: F | G136: 25
A137: 154195 | B137: 0 | C137: CA | D137: 0 | E137: T2 | F137: F | G137: 20
...
